"ECellID","CellName","Longitude","Latitude","PCI","EARFCN","Azimuth"
4926720,"B2272 | Haywards Heath | RH17 7SE",-0.0925725354227324,50.99151358771672,112,1617,294
4926721,"B2272 | Haywards Heath | RH17 7SE",-0.0925725354227324,50.99151358771672,113,1617,38
4926722,"B2272 | Haywards Heath | RH17 7SE",-0.0925725354227324,50.99151358771672,111,1617,222
4926732,"B2272 | Haywards Heath | RH17 7SE",-0.0925725354227324,50.99151358771672,314,6225,319
4926733,"B2272 | Haywards Heath | RH17 7SE",-0.0925725354227324,50.99151358771672,312,6225,218
4926734,"B2272 | Haywards Heath | RH17 7SE",-0.0925725354227324,50.99151358771672,313,6225,229
5494272,"Gower Road | Haywards Heath | RH16 4QP",-0.1009080875041945,50.99526502270742,105,1617,28
5494273,"Gower Road | Haywards Heath | RH16 4QP",-0.1009080875041945,50.99526502270742,107,1617,123
5494274,"Gower Road | Haywards Heath | RH16 4QP",-0.1009080875041945,50.99526502270742,106,1617,180
5494275,"Gower Road | Haywards Heath | RH16 4QP",-0.1009080875041945,50.99526502270742,105,1815,311
5494276,"Gower Road | Haywards Heath | RH16 4QP",-0.1009080875041945,50.99526502270742,107,1815,69
5494277,"Gower Road | Haywards Heath | RH16 4QP",-0.1009080875041945,50.99526502270742,106,1815,216
5494284,"Gower Road | Haywards Heath | RH16 4QP",-0.1009080875041945,50.99526502270742,69,6225,292
5494285,"Gower Road | Haywards Heath | RH16 4QP",-0.1009080875041945,50.99526502270742,71,6225,125
5494286,"Gower Road | Haywards Heath | RH16 4QP",-0.1009080875041945,50.99526502270742,70,6225,219
5288448,"Harlands Road | Haywards Heath | RH16 1PG",-0.1079631671309471,51.00642457951282,154,1617,340
5288449,"Harlands Road | Haywards Heath | RH16 1PG",-0.1079631671309471,51.00642457951282,155,1617,129
5288450,"Harlands Road | Haywards Heath | RH16 1PG",-0.1079631671309471,51.00642457951282,153,1617,244
5239552,"Cuckfield Bypass | Cuckfield | RH17 5DP",-0.1456179410689576,50.99958694347998,205,1617,152
5239553,"Cuckfield Bypass | Cuckfield | RH17 5DP",-0.1456179410689576,50.99958694347998,204,1617,114
5239554,"Cuckfield Bypass | Cuckfield | RH17 5DP",-0.1456179410689576,50.99958694347998,206,1617,265
5239564,"Cuckfield Bypass | Cuckfield | RH17 5DP",-0.1456179410689576,50.99958694347998,205,6225,314
5239565,"Cuckfield Bypass | Cuckfield | RH17 5DP",-0.1456179410689576,50.99958694347998,204,6225,99
5239566,"Cuckfield Bypass | Cuckfield | RH17 5DP",-0.1456179410689576,50.99958694347998,206,6225,246
4896256,"Walstead Grange | Lindfield Rural | RH16 2QQ",-0.0721756709613146,51.008076715689135,251,1617,332
4896257,"Walstead Grange | Lindfield Rural | RH16 2QQ",-0.0721756709613146,51.008076715689135,250,1617,74
4896258,"Walstead Grange | Lindfield Rural | RH16 2QQ",-0.0721756709613146,51.008076715689135,249,1617,313
4896268,"Walstead Grange | Lindfield Rural | RH16 2QQ",-0.0721756709613146,51.008076715689135,300,6225,302
4896269,"Walstead Grange | Lindfield Rural | RH16 2QQ",-0.0721756709613146,51.008076715689135,302,6225,46
4896270,"Walstead Grange | Lindfield Rural | RH16 2QQ",-0.0721756709613146,51.008076715689135,301,6225,133
5244928,"River's Road | RH16 1XS",-0.1079107467238896,51.03293390425301,297,1617,83
5244929,"River's Road | RH16 1XS",-0.1079107467238896,51.03293390425301,299,1617,258
5244930,"River's Road | RH16 1XS",-0.1079107467238896,51.03293390425301,298,1617,334
5244941,"River's Road | RH16 1XS",-0.1079107467238896,51.03293390425301,467,6225,155
5244942,"River's Road | RH16 1XS",-0.1079107467238896,51.03293390425301,465,6225,154
4930048,"Selsfield Road | RH17 6TH",-0.0871258432380273,51.05896424717343,278,1617,9
4930049,"Selsfield Road | RH17 6TH",-0.0871258432380273,51.05896424717343,277,1617,189
4930050,"Selsfield Road | RH17 6TH",-0.0871258432380273,51.05896424717343,276,1617,256
7234304,"Old Shoreham Road, Aldrington, Portslade by Sea, BN3 7HB",-0.188502676540228,50.83724945998591,219,1617,37
7234305,"Old Shoreham Road, Aldrington, Portslade by Sea, BN3 7HB",-0.188502676540228,50.83724945998591,221,1617,102
7234306,"Old Shoreham Road, Aldrington, Portslade by Sea, BN3 7HB",-0.188502676540228,50.83724945998591,220,1617,216
7234310,"Old Shoreham Road, Aldrington, Portslade by Sea, BN3 7HB",-0.188502676540228,50.83724945998591,219,3350,217
7234311,"Old Shoreham Road, Aldrington, Portslade by Sea, BN3 7HB",-0.188502676540228,50.83724945998591,221,3350,164
7234312,"Old Shoreham Road, Aldrington, Portslade by Sea, BN3 7HB",-0.188502676540228,50.83724945998591,220,3350,260
7234314,"Old Shoreham Road, Aldrington, Portslade by Sea, BN3 7HB",-0.188502676540228,50.83724945998591,221,3179,129
7234315,"Old Shoreham Road, Aldrington, Portslade by Sea, BN3 7HB",-0.188502676540228,50.83724945998591,220,3179,209
7234316,"Old Shoreham Road, Aldrington, Portslade by Sea, BN3 7HB",-0.188502676540228,50.83724945998591,184,6225,40
7234317,"Old Shoreham Road, Aldrington, Portslade by Sea, BN3 7HB",-0.188502676540228,50.83724945998591,183,6225,120
3998976,"New Church Road, Aldrington, Hove, BN3 4JT",-0.1957164332270622,50.83142594570741,313,1617,295
3998977,"New Church Road, Aldrington, Hove, BN3 4JT",-0.1957164332270622,50.83142594570741,314,1617,105
3998978,"New Church Road, Aldrington, Hove, BN3 4JT",-0.1957164332270622,50.83142594570741,312,1617,186
8282880,"Goldstone Crescent, West Blatchington, Hove, BN3 6BG",-0.1830131684672551,50.850161769862034,301,1617,69
8282881,"Goldstone Crescent, West Blatchington, Hove, BN3 6BG",-0.1830131684672551,50.850161769862034,300,1617,104
8282882,"Goldstone Crescent, West Blatchington, Hove, BN3 6BG",-0.1830131684672551,50.850161769862034,302,1617,249
8319744,"Old Shoreham Road, Hangleton, Portslade by Sea, BN41 1XW",-0.2055257168362914,50.83781793665253,103,1617,97
8319745,"Old Shoreham Road, Hangleton, Portslade by Sea, BN41 1XW",-0.2055257168362914,50.83781793665253,102,1617,117
8319746,"Old Shoreham Road, Hangleton, Portslade by Sea, BN41 1XW",-0.2055257168362914,50.83781793665253,104,1617,233
8319748,"Old Shoreham Road, Hangleton, Portslade by Sea, BN41 1XW",-0.2055257168362914,50.83781793665253,102,1761,125
8319749,"Old Shoreham Road, Hangleton, Portslade by Sea, BN41 1XW",-0.2055257168362914,50.83781793665253,104,1761,276
3999745,"Brighton & Hove Bypass, Mile Oak, Portslade by Sea, BN41 2YH",-0.2318327203222985,50.85867495788705,119,1617,87
3999746,"Brighton & Hove Bypass, Mile Oak, Portslade by Sea, BN41 2YH",-0.2318327203222985,50.85867495788705,118,1617,8
3999757,"Brighton & Hove Bypass, Mile Oak, Portslade by Sea, BN41 2YH",-0.2318327203222985,50.85867495788705,311,6225,113
3999758,"Brighton & Hove Bypass, Mile Oak, Portslade by Sea, BN41 2YH",-0.2318327203222985,50.85867495788705,318,6225,188
3964161,"Fox Way, Portslade Village, Portslade by Sea, BN41 2GN",-0.2202328632133237,50.85193800245244,190,1617,151
3964162,"Fox Way, Portslade Village, Portslade by Sea, BN41 2GN",-0.2202328632133237,50.85193800245244,189,1617,331
3964164,"Fox Way, Portslade Village, Portslade by Sea, BN41 2GN",-0.2202328632133237,50.85193800245244,190,1761,183
3964165,"Fox Way, Portslade Village, Portslade by Sea, BN41 2GN",-0.2202328632133237,50.85193800245244,189,1761,289
7224064,"Fox Way, Portslade Village, Portslade by Sea, BN41 2GN",-0.2146878065057053,50.84793161128758,176,1617,5
7224065,"Fox Way, Portslade Village, Portslade by Sea, BN41 2GN",-0.2146878065057053,50.84793161128758,174,1617,133
7224066,"Fox Way, Portslade Village, Portslade by Sea, BN41 2GN",-0.2146878065057053,50.84793161128758,175,1617,285
8830464,"Brighton & Hove Bypass, West Blatchington, Portslade by Sea, BN3 8FA",-0.1973864669318611,50.85549454588147,263,1617,264
8830466,"Brighton & Hove Bypass, West Blatchington, Portslade by Sea, BN3 8FA",-0.1973864669318611,50.85549454588147,217,1617,258
8830476,"Brighton & Hove Bypass, West Blatchington, Portslade by Sea, BN3 8FA",-0.1973864669318611,50.85549454588147,98,6225,96
8830478,"Brighton & Hove Bypass, West Blatchington, Portslade by Sea, BN3 8FA",-0.1973864669318611,50.85549454588147,97,6225,62
8564736,"Rutland Gardens, Aldrington, Hove, BN3 5QL",-0.1851274356439489,50.830192525502326,215,1617,298
8564737,"Rutland Gardens, Aldrington, Hove, BN3 5QL",-0.1851274356439489,50.830192525502326,213,1617,71
8564738,"Rutland Gardens, Aldrington, Hove, BN3 5QL",-0.1851274356439489,50.830192525502326,214,1617,251
8564739,"Rutland Gardens, Aldrington, Hove, BN3 5QL",-0.1851274356439489,50.830192525502326,215,1761,330
8564740,"Rutland Gardens, Aldrington, Hove, BN3 5QL",-0.1851274356439489,50.830192525502326,213,1761,101
8564741,"Rutland Gardens, Aldrington, Hove, BN3 5QL",-0.1851274356439489,50.830192525502326,214,1761,261
7291648,"Olive Road, Hangleton, Portslade by Sea, BN3 5LE",-0.1983840979684666,50.83561858989341,195,1617,286
7291649,"Olive Road, Hangleton, Portslade by Sea, BN3 5LE",-0.1983840979684666,50.83561858989341,197,1617,184
7291650,"Olive Road, Hangleton, Portslade by Sea, BN3 5LE",-0.1983840979684666,50.83561858989341,196,1617,282
7291651,"Olive Road, Hangleton, Portslade by Sea, BN3 5LE",-0.1983840979684666,50.83561858989341,195,1815,106
7291653,"Olive Road, Hangleton, Portslade by Sea, BN3 5LE",-0.1983840979684666,50.83561858989341,196,1815,264
7877120,"Old Shoreham Road, Aldrington, Hove, BN3 7EX",-0.1811344572974622,50.838144980359885,260,1617,90
7877121,"Old Shoreham Road, Aldrington, Hove, BN3 7EX",-0.1811344572974622,50.838144980359885,258,1617,158
7877122,"Old Shoreham Road, Aldrington, Hove, BN3 7EX",-0.1811344572974622,50.838144980359885,259,1617,270
7877123,"Old Shoreham Road, Aldrington, Hove, BN3 7EX",-0.1811344572974622,50.838144980359885,260,1761,90
7877124,"Old Shoreham Road, Aldrington, Hove, BN3 7EX",-0.1811344572974622,50.838144980359885,258,1761,144
8568576,"Valley Road, Portslade Village, Portslade by Sea, BN41 2TJ",-0.222303494811058,50.84668851057671,242,1617,337
8568577,"Valley Road, Portslade Village, Portslade by Sea, BN41 2TJ",-0.222303494811058,50.84668851057671,240,1617,90
8568578,"Valley Road, Portslade Village, Portslade by Sea, BN41 2TJ",-0.222303494811058,50.84668851057671,241,1617,270
8583680,"Mile Oak Road, Mile Oak, Portslade by Sea, BN41 2PL",-0.228688158094883,50.84921986137337,266,1617,360
8583681,"Mile Oak Road, Mile Oak, Portslade by Sea, BN41 2PL",-0.228688158094883,50.84921986137337,264,1617,124
8583682,"Mile Oak Road, Mile Oak, Portslade by Sea, BN41 2PL",-0.228688158094883,50.84921986137337,265,1617,180
8581376,"Hangleton Way, Hangleton, Portslade by Sea, BN3 8AG",-0.2017439743835106,50.84678519058329,269,1617,340
8581377,"Hangleton Way, Hangleton, Portslade by Sea, BN3 8AG",-0.2017439743835106,50.84678519058329,267,1617,160
8581379,"Hangleton Way, Hangleton, Portslade by Sea, BN3 8AG",-0.2017439743835106,50.84678519058329,269,1761,302
6714880,"Hangleton Gardens, Hangleton, Portslade by Sea, BN3 7SB",-0.2015213440028231,50.84357292799086,233,1617,299
6714881,"Hangleton Gardens, Hangleton, Portslade by Sea, BN3 7SB",-0.2015213440028231,50.84357292799086,232,1617,119
6714882,"Hangleton Gardens, Hangleton, Portslade by Sea, BN3 7SB",-0.2015213440028231,50.84357292799086,231,1617,155
6714883,"Hangleton Gardens, Hangleton, Portslade by Sea, BN3 7SB",-0.2015213440028231,50.84357292799086,233,1761,304
6714884,"Hangleton Gardens, Hangleton, Portslade by Sea, BN3 7SB",-0.2015213440028231,50.84357292799086,232,1761,104
6714886,"Hangleton Gardens, Hangleton, Portslade by Sea, BN3 7SB",-0.2015213440028231,50.84357292799086,233,3350,195
6714887,"Hangleton Gardens, Hangleton, Portslade by Sea, BN3 7SB",-0.2015213440028231,50.84357292799086,232,3350,78
6714888,"Hangleton Gardens, Hangleton, Portslade by Sea, BN3 7SB",-0.2015213440028231,50.84357292799086,231,3350,160
6714889,"Hangleton Gardens, Hangleton, Portslade by Sea, BN3 7SB",-0.2015213440028231,50.84357292799086,233,3179,299
6714890,"Hangleton Gardens, Hangleton, Portslade by Sea, BN3 7SB",-0.2015213440028231,50.84357292799086,232,3179,118
6714891,"Hangleton Gardens, Hangleton, Portslade by Sea, BN3 7SB",-0.2015213440028231,50.84357292799086,231,3179,182
8663808,"Hangleton Manor Close, Hangleton, Portslade by Sea, BN3 8AJ",-0.2043454901260493,50.84762393727006,101,1617,349
8663809,"Hangleton Manor Close, Hangleton, Portslade by Sea, BN3 8AJ",-0.2043454901260493,50.84762393727006,99,1617,98
8663810,"Hangleton Manor Close, Hangleton, Portslade by Sea, BN3 8AJ",-0.2043454901260493,50.84762393727006,100,1617,257
3999488,"George Street, Portslade Village, Portslade by Sea, BN41 1AW",-0.2098554886767631,50.8309246950887,205,1617,271
3999489,"George Street, Portslade Village, Portslade by Sea, BN41 1AW",-0.2098554886767631,50.8309246950887,206,1617,93
3999490,"George Street, Portslade Village, Portslade by Sea, BN41 1AW",-0.2098554886767631,50.8309246950887,204,1617,289
3999491,"George Street, Portslade Village, Portslade by Sea, BN41 1AW",-0.2098554886767631,50.8309246950887,205,1761,327
3999492,"George Street, Portslade Village, Portslade by Sea, BN41 1AW",-0.2098554886767631,50.8309246950887,206,1761,111
3999493,"George Street, Portslade Village, Portslade by Sea, BN41 1AW",-0.2098554886767631,50.8309246950887,204,1761,141
7550976,"Nevill Road, West Blatchington, Hove, BN3 7QQ",-0.1826384597982269,50.847369217940766,207,1617,330
7550977,"Nevill Road, West Blatchington, Hove, BN3 7QQ",-0.1826384597982269,50.847369217940766,262,1617,150
7550980,"Nevill Road, West Blatchington, Hove, BN3 7QQ",-0.1826384597982269,50.847369217940766,262,1761,106
6742784,"Westbrook Way, Southwick, BN42 4BF",-0.2263458424670148,50.834588021624086,153,1617,45
6742785,"Westbrook Way, Southwick, BN42 4BF",-0.2263458424670148,50.834588021624086,155,1617,89
6742786,"Westbrook Way, Southwick, BN42 4BF",-0.2263458424670148,50.834588021624086,154,1617,269
7378944,"Mile Oak Road, Southwick, BN42 4JD",-0.2257682383060455,50.84200373100212,209,1617,96
7378945,"Mile Oak Road, Southwick, BN42 4JD",-0.2257682383060455,50.84200373100212,207,1617,142
7378946,"Mile Oak Road, Southwick, BN42 4JD",-0.2257682383060455,50.84200373100212,208,1617,276
7378947,"Mile Oak Road, Southwick, BN42 4JD",-0.2257682383060455,50.84200373100212,209,1761,80
7378948,"Mile Oak Road, Southwick, BN42 4JD",-0.2257682383060455,50.84200373100212,207,1761,182
7378949,"Mile Oak Road, Southwick, BN42 4JD",-0.2257682383060455,50.84200373100212,208,1761,277
7176960,"King's Road, Queen's Park, BN1 2GS",-0.1408680965159874,50.82027719336866,145,1617,171
7176961,"King's Road, Queen's Park, BN1 2GS",-0.1408680965159874,50.82027719336866,144,1617,146
7176962,"King's Road, Queen's Park, BN1 2GS",-0.1408680965159874,50.82027719336866,146,1617,268
7176963,"King's Road, Queen's Park, BN1 2GS",-0.1408680965159874,50.82027719336866,145,1815,351
7176964,"King's Road, Queen's Park, BN1 2GS",-0.1408680965159874,50.82027719336866,144,1815,82
7176965,"King's Road, Queen's Park, BN1 2GS",-0.1408680965159874,50.82027719336866,146,1815,271
7123712,"Dyke Road, Prestonville, BN3 6NF",-0.1537978649139404,50.83786687160132,290,1617,314
7123713,"Dyke Road, Prestonville, BN3 6NF",-0.1537978649139404,50.83786687160132,288,1617,131
7123714,"Dyke Road, Prestonville, BN3 6NF",-0.1537978649139404,50.83786687160132,289,1617,315
7123715,"Dyke Road, Prestonville, BN3 6NF",-0.1537978649139404,50.83786687160132,290,1761,312
7123716,"Dyke Road, Prestonville, BN3 6NF",-0.1537978649139404,50.83786687160132,288,1761,137
7123717,"Dyke Road, Prestonville, BN3 6NF",-0.1537978649139404,50.83786687160132,289,1761,312
7318016,"John Street, Queen's Park, BN2 9RD",-0.1338617012995655,50.8236902601532,201,1617,16
7318017,"John Street, Queen's Park, BN2 9RD",-0.1338617012995655,50.8236902601532,202,1617,45
7318018,"John Street, Queen's Park, BN2 9RD",-0.1338617012995655,50.8236902601532,203,1617,205
7318019,"John Street, Queen's Park, BN2 9RD",-0.1338617012995655,50.8236902601532,201,1761,349
7318020,"John Street, Queen's Park, BN2 9RD",-0.1338617012995655,50.8236902601532,202,1761,322
7318021,"John Street, Queen's Park, BN2 9RD",-0.1338617012995655,50.8236902601532,203,1761,203
6871808,"Western Road, Prestonville, BN1 2PA",-0.1558326557278633,50.82544943346517,273,1617,50
6871809,"Western Road, Prestonville, BN1 2PA",-0.1558326557278633,50.82544943346517,274,1617,101
6871810,"Western Road, Prestonville, BN1 2PA",-0.1558326557278633,50.82544943346517,275,1617,123
6871811,"Western Road, Prestonville, BN1 2PA",-0.1558326557278633,50.82544943346517,273,1761,339
6871812,"Western Road, Prestonville, BN1 2PA",-0.1558326557278633,50.82544943346517,274,1761,99
6871813,"Western Road, Prestonville, BN1 2PA",-0.1558326557278633,50.82544943346517,275,1761,303
7875072,"Cromwell Road, Brunswick, Hove, BN3 3EF",-0.1619690583698284,50.83201655681384,334,1617,96
7875073,"Cromwell Road, Brunswick, Hove, BN3 3EF",-0.1619690583698284,50.83201655681384,333,1617,82
7875074,"Cromwell Road, Brunswick, Hove, BN3 3EF",-0.1619690583698284,50.83201655681384,335,1617,217
7875075,"Cromwell Road, Brunswick, Hove, BN3 3EF",-0.1619690583698284,50.83201655681384,334,1761,56
7875076,"Cromwell Road, Brunswick, Hove, BN3 3EF",-0.1619690583698284,50.83201655681384,333,1761,75
7875077,"Cromwell Road, Brunswick, Hove, BN3 3EF",-0.1619690583698284,50.83201655681384,335,1761,37
9422592,"Kingsway, Aldrington, Hove, BN3 2PU",-0.1774425432085991,50.82521519434347,160,1617,13
9422593,"Kingsway, Aldrington, Hove, BN3 2PU",-0.1774425432085991,50.82521519434347,161,1617,138
9422594,"Kingsway, Aldrington, Hove, BN3 2PU",-0.1774425432085991,50.82521519434347,159,1617,246
9422595,"Kingsway, Aldrington, Hove, BN3 2PU",-0.1774425432085991,50.82521519434347,160,1761,15
9422596,"Kingsway, Aldrington, Hove, BN3 2PU",-0.1774425432085991,50.82521519434347,161,1761,109
9422597,"Kingsway, Aldrington, Hove, BN3 2PU",-0.1774425432085991,50.82521519434347,159,1761,270
3984896,"Dyke Road Avenue, West Blatchington, Portslade by Sea, BN1 5JX",-0.1741056108375137,50.85758561174896,125,1617,354
3984897,"Dyke Road Avenue, West Blatchington, Portslade by Sea, BN1 5JX",-0.1741056108375137,50.85758561174896,124,1617,148
3984898,"Dyke Road Avenue, West Blatchington, Portslade by Sea, BN1 5JX",-0.1741056108375137,50.85758561174896,123,1617,240
8315904,"Dyke Road, Withdean, BN1 5LA",-0.1608545583374052,50.84757884174622,179,1617,51
8315905,"Dyke Road, Withdean, BN1 5LA",-0.1608545583374052,50.84757884174622,178,1617,142
8315906,"Dyke Road, Withdean, BN1 5LA",-0.1608545583374052,50.84757884174622,177,1617,141
8315907,"Dyke Road, Withdean, BN1 5LA",-0.1608545583374052,50.84757884174622,179,1761,231
8315908,"Dyke Road, Withdean, BN1 5LA",-0.1608545583374052,50.84757884174622,178,1761,93
8315909,"Dyke Road, Withdean, BN1 5LA",-0.1608545583374052,50.84757884174622,177,1761,150
7883008,"The Droveway, West Blatchington, Hove, BN3 6LR",-0.1705276020818521,50.84266962271303,115,1617,4
7883009,"The Droveway, West Blatchington, Hove, BN3 6LR",-0.1705276020818521,50.84266962271303,116,1617,100
7883010,"The Droveway, West Blatchington, Hove, BN3 6LR",-0.1705276020818521,50.84266962271303,114,1617,224
7883011,"The Droveway, West Blatchington, Hove, BN3 6LR",-0.1705276020818521,50.84266962271303,115,1761,353
7883012,"The Droveway, West Blatchington, Hove, BN3 6LR",-0.1705276020818521,50.84266962271303,116,1761,173
8247808,"Clarendon Road, Aldrington, Hove, BN3 3WQ",-0.1744654318317771,50.83433813602471,328,1617,303
8247809,"Clarendon Road, Aldrington, Hove, BN3 3WQ",-0.1744654318317771,50.83433813602471,327,1617,270
8247810,"Clarendon Road, Aldrington, Hove, BN3 3WQ",-0.1744654318317771,50.83433813602471,329,1617,276
8247811,"Clarendon Road, Aldrington, Hove, BN3 3WQ",-0.1744654318317771,50.83433813602471,328,1815,297
8247812,"Clarendon Road, Aldrington, Hove, BN3 3WQ",-0.1744654318317771,50.83433813602471,327,1815,90
8247814,"Clarendon Road, Aldrington, Hove, BN3 3WQ",-0.1744654318317771,50.83433813602471,328,3350,304
8247815,"Clarendon Road, Aldrington, Hove, BN3 3WQ",-0.1744654318317771,50.83433813602471,327,3350,297
8247817,"Clarendon Road, Aldrington, Hove, BN3 3WQ",-0.1744654318317771,50.83433813602471,328,3179,290
8247818,"Clarendon Road, Aldrington, Hove, BN3 3WQ",-0.1744654318317771,50.83433813602471,327,3179,297
8247819,"Clarendon Road, Aldrington, Hove, BN3 3WQ",-0.1744654318317771,50.83433813602471,329,3179,251
8247820,"Clarendon Road, Aldrington, Hove, BN3 3WQ",-0.1744654318317771,50.83433813602471,421,6225,346
8247821,"Clarendon Road, Aldrington, Hove, BN3 3WQ",-0.1744654318317771,50.83433813602471,422,6225,82
8247822,"Clarendon Road, Aldrington, Hove, BN3 3WQ",-0.1744654318317771,50.83433813602471,420,6225,219
8247826,"Clarendon Road, Aldrington, Hove, BN3 3WQ",-0.1744654318317771,50.83433813602471,231,522,288
8247827,"Clarendon Road, Aldrington, Hove, BN3 3WQ",-0.1744654318317771,50.83433813602471,351,522,306
8353280,"Bourne Court, Withdean, BN1 8QQ",-0.1549887729057673,50.855553652460976,172,1617,335
8353281,"Bourne Court, Withdean, BN1 8QQ",-0.1549887729057673,50.855553652460976,173,1617,120
8353282,"Bourne Court, Withdean, BN1 8QQ",-0.1549887729057673,50.855553652460976,171,1617,171
8353283,"Bourne Court, Withdean, BN1 8QQ",-0.1549887729057673,50.855553652460976,172,1761,286
8353284,"Bourne Court, Withdean, BN1 8QQ",-0.1549887729057673,50.855553652460976,173,1761,106
8353285,"Bourne Court, Withdean, BN1 8QQ",-0.1549887729057673,50.855553652460976,171,1761,203
8353292,"Bourne Court, Withdean, BN1 8QQ",-0.1549887729057673,50.855553652460976,208,6225,344
8353293,"Bourne Court, Withdean, BN1 8QQ",-0.1549887729057673,50.855553652460976,279,1617,147
8353294,"Bourne Court, Withdean, BN1 8QQ",-0.1549887729057673,50.855553652460976,209,6225,236
7419648,"Carden Avenue, Hollingbury, BN1 8LE",-0.1404692939669125,50.860916414377925,236,1617,327
7419649,"Carden Avenue, Hollingbury, BN1 8LE",-0.1404692939669125,50.860916414377925,235,1617,88
7419650,"Carden Avenue, Hollingbury, BN1 8LE",-0.1404692939669125,50.860916414377925,234,1617,147
7419653,"Carden Avenue, Hollingbury, BN1 8LE",-0.1404692939669125,50.860916414377925,234,1815,242
8096768,"Grenville Street, Prestonville, BN1 2RF",-0.147163203817437,50.822966572795366,278,1617,32
8096769,"Grenville Street, Prestonville, BN1 2RF",-0.147163203817437,50.822966572795366,277,1617,20
8096770,"Grenville Street, Prestonville, BN1 2RF",-0.147163203817437,50.822966572795366,276,1617,196
8096771,"Grenville Street, Prestonville, BN1 2RF",-0.147163203817437,50.822966572795366,278,1761,38
8096772,"Grenville Street, Prestonville, BN1 2RF",-0.147163203817437,50.822966572795366,277,1761,214
8096773,"Grenville Street, Prestonville, BN1 2RF",-0.147163203817437,50.822966572795366,276,1761,58
7539712,"Dyke Road, Prestonville, BN1 3TE",-0.1489174451146482,50.8322104859325,322,1617,319
7539713,"Dyke Road, Prestonville, BN1 3TE",-0.1489174451146482,50.8322104859325,321,1617,283
7539714,"Dyke Road, Prestonville, BN1 3TE",-0.1489174451146482,50.8322104859325,323,1617,316
7539715,"Dyke Road, Prestonville, BN1 3TE",-0.1489174451146482,50.8322104859325,322,1761,319
7539716,"Dyke Road, Prestonville, BN1 3TE",-0.1489174451146482,50.8322104859325,321,1761,103
7539717,"Dyke Road, Prestonville, BN1 3TE",-0.1489174451146482,50.8322104859325,323,1761,316
6755840,"Church Street, Round Hill, BN1 1RL",-0.1426618634126271,50.82491252365754,136,1617,331
6755841,"Church Street, Round Hill, BN1 1RL",-0.1426618634126271,50.82491252365754,137,1617,101
6755842,"Church Street, Round Hill, BN1 1RL",-0.1426618634126271,50.82491252365754,135,1617,203
6755843,"Church Street, Round Hill, BN1 1RL",-0.1426618634126271,50.82491252365754,136,1815,22
6755844,"Church Street, Round Hill, BN1 1RL",-0.1426618634126271,50.82491252365754,137,1815,204
6755845,"Church Street, Round Hill, BN1 1RL",-0.1426618634126271,50.82491252365754,275,6225,231
6755846,"Church Street, Round Hill, BN1 1RL",-0.1426618634126271,50.82491252365754,136,3350,14
6755847,"Church Street, Round Hill, BN1 1RL",-0.1426618634126271,50.82491252365754,137,3350,205
6755848,"Church Street, Round Hill, BN1 1RL",-0.1426618634126271,50.82491252365754,283,3350,194
6755849,"Church Street, Round Hill, BN1 1RL",-0.1426618634126271,50.82491252365754,136,3179,16
6755850,"Church Street, Round Hill, BN1 1RL",-0.1426618634126271,50.82491252365754,137,3179,103
6755851,"Church Street, Round Hill, BN1 1RL",-0.1426618634126271,50.82491252365754,135,3179,196
6755858,"Church Street, Round Hill, BN1 1RL",-0.1426618634126271,50.82491252365754,282,522,31
6755859,"Church Street, Round Hill, BN1 1RL",-0.1426618634126271,50.82491252365754,363,522,102
6755860,"Church Street, Round Hill, BN1 1RL",-0.1426618634126271,50.82491252365754,135,522,198
3967232,"Pelham Street, Round Hill, BN1 4FA",-0.137069478862486,50.82917692406128,305,1617,285
3967233,"Pelham Street, Round Hill, BN1 4FA",-0.137069478862486,50.82917692406128,303,1617,148
3967234,"Pelham Street, Round Hill, BN1 4FA",-0.137069478862486,50.82917692406128,304,1617,238
3967235,"Pelham Street, Round Hill, BN1 4FA",-0.137069478862486,50.82917692406128,305,1815,284
3967236,"Pelham Street, Round Hill, BN1 4FA",-0.137069478862486,50.82917692406128,303,1815,172
3967237,"Pelham Street, Round Hill, BN1 4FA",-0.137069478862486,50.82917692406128,304,1815,216
3967238,"Pelham Street, Round Hill, BN1 4FA",-0.137069478862486,50.82917692406128,305,3350,322
3967239,"Pelham Street, Round Hill, BN1 4FA",-0.137069478862486,50.82917692406128,303,3350,171
3967240,"Pelham Street, Round Hill, BN1 4FA",-0.137069478862486,50.82917692406128,304,3350,174
3967241,"Pelham Street, Round Hill, BN1 4FA",-0.137069478862486,50.82917692406128,394,6225,318
3967242,"Pelham Street, Round Hill, BN1 4FA",-0.137069478862486,50.82917692406128,303,3179,4
3967243,"Pelham Street, Round Hill, BN1 4FA",-0.137069478862486,50.82917692406128,304,3179,219
3967244,"Pelham Street, Round Hill, BN1 4FA",-0.137069478862486,50.82917692406128,394,6225,350
3967245,"Pelham Street, Round Hill, BN1 4FA",-0.137069478862486,50.82917692406128,395,6225,351
3967246,"Pelham Street, Round Hill, BN1 4FA",-0.137069478862486,50.82917692406128,393,6225,275
3967250,"Pelham Street, Round Hill, BN1 4FA",-0.137069478862486,50.82917692406128,363,522,293
3967251,"Pelham Street, Round Hill, BN1 4FA",-0.137069478862486,50.82917692406128,303,522,348
3967252,"Pelham Street, Round Hill, BN1 4FA",-0.137069478862486,50.82917692406128,282,522,213
3973376,"Western Road, Prestonville, BN1 2DA",-0.1499778596978558,50.82461264334986,284,1617,280
3973377,"Western Road, Prestonville, BN1 2DA",-0.1499778596978558,50.82461264334986,283,1617,101
3973378,"Western Road, Prestonville, BN1 2DA",-0.1499778596978558,50.82461264334986,282,1617,281
3973379,"Western Road, Prestonville, BN1 2DA",-0.1499778596978558,50.82461264334986,284,1815,72
3973380,"Western Road, Prestonville, BN1 2DA",-0.1499778596978558,50.82461264334986,283,1815,100
3973381,"Western Road, Prestonville, BN1 2DA",-0.1499778596978558,50.82461264334986,282,1815,211
3973382,"Western Road, Prestonville, BN1 2DA",-0.1499778596978558,50.82461264334986,284,3350,281
3973383,"Western Road, Prestonville, BN1 2DA",-0.1499778596978558,50.82461264334986,283,3350,99
3973384,"Western Road, Prestonville, BN1 2DA",-0.1499778596978558,50.82461264334986,282,3350,274
3973385,"Western Road, Prestonville, BN1 2DA",-0.1499778596978558,50.82461264334986,284,3179,79
3973386,"Western Road, Prestonville, BN1 2DA",-0.1499778596978558,50.82461264334986,283,3179,101
3973387,"Western Road, Prestonville, BN1 2DA",-0.1499778596978558,50.82461264334986,282,3179,106
6306575,"London Road, Round Hill, BN1 4JG",-0.1368560269474983,50.83173575218814,136,3026,310
6306584,"London Road, Round Hill, BN1 4JG",-0.1368560269474983,50.83173575218814,136,1791,130
6306831,"London Road, Round Hill, BN1 4JA",-0.1358213648200035,50.82962508864818,397,3026,249
6306840,"London Road, Round Hill, BN1 4JA",-0.1358213648200035,50.82962508864818,397,1791,69
8727552,"Queen's Road, Round Hill, BN1 3XA",-0.1428329944610595,50.82532193636745,140,1617,0
8779776,"Prestonville Road, Prestonville, BN1 3TJ",-0.1474105069402166,50.8311858734902,68,1617,0
8748800,"Western Road, Prestonville, BN3 1AE",-0.1573485183057479,50.82539810756373,152,1617,0
8370432,"Upper Market Street, Brunswick, Hove, BN3 1AS",-0.1573867510972574,50.82458768773367,331,1617,0
3952384,"London Road, Withdean, BN1 6YQ",-0.1542294969428894,50.84972109783041,157,1617,169
3952385,"London Road, Withdean, BN1 6YQ",-0.1542294969428894,50.84972109783041,156,1617,192
3952386,"London Road, Withdean, BN1 6YQ",-0.1542294969428894,50.84972109783041,158,1617,314
3952387,"London Road, Withdean, BN1 6YQ",-0.1542294969428894,50.84972109783041,157,1815,169
3952388,"London Road, Withdean, BN1 6YQ",-0.1542294969428894,50.84972109783041,156,1815,154
3952389,"London Road, Withdean, BN1 6YQ",-0.1542294969428894,50.84972109783041,158,1815,314
3952390,"London Road, Withdean, BN1 6YQ",-0.1542294969428894,50.84972109783041,157,3350,58
3952391,"London Road, Withdean, BN1 6YQ",-0.1542294969428894,50.84972109783041,156,3350,168
3952392,"London Road, Withdean, BN1 6YQ",-0.1542294969428894,50.84972109783041,158,3350,134
7539200,"New England Street, Round Hill, BN1 4GG",-0.1400952786207199,50.83330704753608,317,1617,350
7539201,"New England Street, Round Hill, BN1 4GG",-0.1400952786207199,50.83330704753608,316,1617,141
7539202,"New England Street, Round Hill, BN1 4GG",-0.1400952786207199,50.83330704753608,315,1617,291
7539203,"New England Street, Round Hill, BN1 4GG",-0.1400952786207199,50.83330704753608,317,1761,2
7539204,"New England Street, Round Hill, BN1 4GG",-0.1400952786207199,50.83330704753608,316,1761,39
7539205,"New England Street, Round Hill, BN1 4GG",-0.1400952786207199,50.83330704753608,315,1761,165
7539206,"New England Street, Round Hill, BN1 4GG",-0.1400952786207199,50.83330704753608,317,3350,336
7539207,"New England Street, Round Hill, BN1 4GG",-0.1400952786207199,50.83330704753608,316,3350,173
7539208,"New England Street, Round Hill, BN1 4GG",-0.1400952786207199,50.83330704753608,315,3350,140
7539209,"New England Street, Round Hill, BN1 4GG",-0.1400952786207199,50.83330704753608,317,3179,7
7539210,"New England Street, Round Hill, BN1 4GG",-0.1400952786207199,50.83330704753608,316,3179,95
7539211,"New England Street, Round Hill, BN1 4GG",-0.1400952786207199,50.83330704753608,315,3179,298
7216640,"Ditchling Road, Hollingbury, BN1 6NF",-0.1340052411192118,50.85393808263457,281,1617,47
7216641,"Ditchling Road, Hollingbury, BN1 6NF",-0.1340052411192118,50.85393808263457,280,1617,135
7216642,"Ditchling Road, Hollingbury, BN1 6NF",-0.1340052411192118,50.85393808263457,279,1617,240
7216643,"Ditchling Road, Hollingbury, BN1 6NF",-0.1340052411192118,50.85393808263457,281,1617,37
7216644,"Ditchling Road, Hollingbury, BN1 6NF",-0.1340052411192118,50.85393808263457,280,1815,140
7216645,"Ditchling Road, Hollingbury, BN1 6NF",-0.1340052411192118,50.85393808263457,279,1815,259
7216646,"Ditchling Road, Hollingbury, BN1 6NF",-0.1340052411192118,50.85393808263457,281,3350,20
7216647,"Ditchling Road, Hollingbury, BN1 6NF",-0.1340052411192118,50.85393808263457,280,3350,141
7216648,"Ditchling Road, Hollingbury, BN1 6NF",-0.1340052411192118,50.85393808263457,279,3350,248
7216649,"Ditchling Road, Hollingbury, BN1 6NF",-0.1340052411192118,50.85393808263457,281,3179,103
7216650,"Ditchling Road, Hollingbury, BN1 6NF",-0.1340052411192118,50.85393808263457,280,3179,192
7216651,"Ditchling Road, Hollingbury, BN1 6NF",-0.1340052411192118,50.85393808263457,279,3179,265
4015360,"Sweet Hill, Westdene, BN1 8ZD",-0.1626638993620872,50.868878784440135,230,1617,339
4015361,"Sweet Hill, Westdene, BN1 8ZD",-0.1626638993620872,50.868878784440135,228,1617,165
4015362,"Sweet Hill, Westdene, BN1 8ZD",-0.1626638993620872,50.868878784440135,229,1617,216
4015364,"Sweet Hill, Westdene, BN1 8ZD",-0.1626638993620872,50.868878784440135,228,1815,119
4015365,"Sweet Hill, Westdene, BN1 8ZD",-0.1626638993620872,50.868878784440135,229,1815,11
4015372,"Sweet Hill, Westdene, BN1 8ZD",-0.1626638993620872,50.868878784440135,39,6225,325
6768896,"Monument Way, Whitehawk, BN2 0FR",-0.113538402777408,50.82498520735572,142,1617,55
6768897,"Monument Way, Whitehawk, BN2 0FR",-0.113538402777408,50.82498520735572,141,1617,68
6768898,"Monument Way, Whitehawk, BN2 0FR",-0.113538402777408,50.82498520735572,143,1617,175
6768899,"Monument Way, Whitehawk, BN2 0FR",-0.113538402777408,50.82498520735572,142,1815,350
6768900,"Monument Way, Whitehawk, BN2 0FR",-0.113538402777408,50.82498520735572,141,1815,79
6768901,"Monument Way, Whitehawk, BN2 0FR",-0.113538402777408,50.82498520735572,143,1815,355
8898048,"Hollingdean Road, Hollingdean, BN2 4NH",-0.1243495626910156,50.83792532258562,40,1617,269
8898049,"Hollingdean Road, Hollingdean, BN2 4NH",-0.1243495626910156,50.83792532258562,39,1617,210
8898051,"Hollingdean Road, Hollingdean, BN2 4NH",-0.1243495626910156,50.83792532258562,40,1761,32
8898052,"Hollingdean Road, Hollingdean, BN2 4NH",-0.1243495626910156,50.83792532258562,40,1761,212
7539456,"Marine Drive, Brighton Marina Village, BN2 5ZH",-0.1069246949082298,50.81440369620167,89,1617,260
7539457,"Marine Drive, Brighton Marina Village, BN2 5ZH",-0.1069246949082298,50.81440369620167,88,1617,77
7539459,"Marine Drive, Brighton Marina Village, BN2 5ZH",-0.1069246949082298,50.81440369620167,89,1761,271
7539460,"Marine Drive, Brighton Marina Village, BN2 5ZH",-0.1069246949082298,50.81440369620167,88,1761,257
7539463,"Marine Drive, Brighton Marina Village, BN2 5ZH",-0.1069246949082298,50.81440369620167,88,3350,97
7539465,"Marine Drive, Brighton Marina Village, BN2 5ZH",-0.1069246949082298,50.81440369620167,89,3179,281
7539466,"Marine Drive, Brighton Marina Village, BN2 5ZH",-0.1069246949082298,50.81440369620167,88,3179,126
6643970,"Melbourne Street, Round Hill, BN2 3LH",-0.1236111470752803,50.83604007398503,252,1617,203
6643973,"Melbourne Street, Round Hill, BN2 3LH",-0.1236111470752803,50.83604007398503,252,1761,213
6643974,"Melbourne Street, Round Hill, BN2 3LH",-0.1236111470752803,50.83604007398503,253,3350,156
6643975,"Melbourne Street, Round Hill, BN2 3LH",-0.1236111470752803,50.83604007398503,254,3350,336
6643976,"Melbourne Street, Round Hill, BN2 3LH",-0.1236111470752803,50.83604007398503,252,3350,216
6643977,"Melbourne Street, Round Hill, BN2 3LH",-0.1236111470752803,50.83604007398503,253,3179,350
6643979,"Melbourne Street, Round Hill, BN2 3LH",-0.1236111470752803,50.83604007398503,252,3179,203
7839744,"Elm Grove, Whitehawk, BN2 3EA",-0.1140719645402441,50.82964645412677,169,1617,82
7839745,"Elm Grove, Whitehawk, BN2 3EA",-0.1140719645402441,50.82964645412677,168,1617,93
7839746,"Elm Grove, Whitehawk, BN2 3EA",-0.1140719645402441,50.82964645412677,170,1617,263
7839747,"Elm Grove, Whitehawk, BN2 3EA",-0.1140719645402441,50.82964645412677,169,1761,68
7839748,"Elm Grove, Whitehawk, BN2 3EA",-0.1140719645402441,50.82964645412677,168,1761,271
7839749,"Elm Grove, Whitehawk, BN2 3EA",-0.1140719645402441,50.82964645412677,170,1761,256
7258368,"Hillside, Bevendean, BN2 4TF",-0.1107230503054097,50.84500450712276,223,1617,88
7258369,"Hillside, Bevendean, BN2 4TF",-0.1107230503054097,50.84500450712276,224,1617,184
7258370,"Hillside, Bevendean, BN2 4TF",-0.1107230503054097,50.84500450712276,222,1617,236
7258371,"Hillside, Bevendean, BN2 4TF",-0.1107230503054097,50.84500450712276,223,1761,268
7258373,"Hillside, Bevendean, BN2 4TF",-0.1107230503054097,50.84500450712276,222,1761,251
7105024,"Coombe Road, Hollingdean, BN2 4EQ",-0.1217567119001614,50.84010360306805,298,1617,64
7105025,"Coombe Road, Hollingdean, BN2 4EQ",-0.1217567119001614,50.84010360306805,297,1617,98
7105026,"Coombe Road, Hollingdean, BN2 4EQ",-0.1217567119001614,50.84010360306805,299,1617,200
7105027,"Coombe Road, Hollingdean, BN2 4EQ",-0.1217567119001614,50.84010360306805,298,1761,321
7105029,"Coombe Road, Hollingdean, BN2 4EQ",-0.1217567119001614,50.84010360306805,299,1761,225
7134976,"Marine Drive, Brighton Marina Village, BN2 5RL",-0.0900261365554797,50.81218720299877,167,1617,289
7134977,"Marine Drive, Brighton Marina Village, BN2 5RL",-0.0900261365554797,50.81218720299877,166,1617,108
7134978,"Marine Drive, Brighton Marina Village, BN2 5RL",-0.0900261365554797,50.81218720299877,165,1617,290
7134980,"Marine Drive, Brighton Marina Village, BN2 5RL",-0.0900261365554797,50.81218720299877,166,1761,109
7134981,"Marine Drive, Brighton Marina Village, BN2 5RL",-0.0900261365554797,50.81218720299877,165,1761,286
8583424,"Marine Drive, Brighton Marina Village, BN2 5UZ",-0.1003796377943899,50.8140382797857,113,1617,319
8583425,"Marine Drive, Brighton Marina Village, BN2 5UZ",-0.1003796377943899,50.8140382797857,112,1617,216
8583426,"Marine Drive, Brighton Marina Village, BN2 5UZ",-0.1003796377943899,50.8140382797857,111,1617,84
8583428,"Marine Drive, Brighton Marina Village, BN2 5UZ",-0.1003796377943899,50.8140382797857,112,1761,57
3966720,"Mackie Avenue, Hollingbury, BN1 8SD",-0.1275775618851184,50.868437982974186,287,1617,88
3966721,"Mackie Avenue, Hollingbury, BN1 8SD",-0.1275775618851184,50.868437982974186,285,1617,106
3966722,"Mackie Avenue, Hollingbury, BN1 8SD",-0.1275775618851184,50.868437982974186,286,1617,199
3966726,"Mackie Avenue, Hollingbury, BN1 8SD",-0.1275775618851184,50.868437982974186,287,3350,268
3966727,"Mackie Avenue, Hollingbury, BN1 8SD",-0.1275775618851184,50.868437982974186,285,3350,151
3966728,"Mackie Avenue, Hollingbury, BN1 8SD",-0.1275775618851184,50.868437982974186,286,3350,197
8148992,"Coldean, BN1 9PY",-0.0912683097982265,50.86085377694414,196,1617,65
8148993,"Coldean, BN1 9PY",-0.0912683097982265,50.86085377694414,197,1617,127
8148994,"Coldean, BN1 9PY",-0.0912683097982265,50.86085377694414,195,1617,246
8148995,"Coldean, BN1 9PY",-0.0912683097982265,50.86085377694414,196,1761,64
8148996,"Coldean, BN1 9PY",-0.0912683097982265,50.86085377694414,197,1761,78
8148997,"Coldean, BN1 9PY",-0.0912683097982265,50.86085377694414,195,1761,245
8148998,"Coldean, BN1 9PY",-0.0912683097982265,50.86085377694414,196,3350,71
8148999,"Coldean, BN1 9PY",-0.0912683097982265,50.86085377694414,197,3350,88
8149000,"Coldean, BN1 9PY",-0.0912683097982265,50.86085377694414,195,3350,248
7223808,"Meadowview Road, Bevendean, BN2 4NE",-0.1037706919014453,50.83770772603113,131,1617,319
7223809,"Meadowview Road, Bevendean, BN2 4NE",-0.1037706919014453,50.83770772603113,130,1617,138
7223810,"Meadowview Road, Bevendean, BN2 4NE",-0.1037706919014453,50.83770772603113,129,1617,141
7223811,"Meadowview Road, Bevendean, BN2 4NE",-0.1037706919014453,50.83770772603113,131,1761,319
7223813,"Meadowview Road, Bevendean, BN2 4NE",-0.1037706919014453,50.83770772603113,129,1761,259
8323584,"Coldean Lane, Coldean, BN1 9GE",-0.1094386330310044,50.86308493757663,132,1617,158
8323585,"Coldean Lane, Coldean, BN1 9GE",-0.1094386330310044,50.86308493757663,132,1617,150
8323586,"Coldean Lane, Coldean, BN1 9GE",-0.1094386330310044,50.86308493757663,133,1617,332
8323596,"Coldean Lane, Coldean, BN1 9GE",-0.1094386330310044,50.86308493757663,176,6225,90
8323597,"Coldean Lane, Coldean, BN1 9GE",-0.1094386330310044,50.86308493757663,175,6225,104
8323598,"Coldean Lane, Coldean, BN1 9GE",-0.1094386330310044,50.86308493757663,174,6225,311
7158272,"Eastern Road, Kemptown, BN2 5BE",-0.1201084405183792,50.818661090305454,250,1617,27
7158273,"Eastern Road, Kemptown, BN2 5BE",-0.1201084405183792,50.818661090305454,251,1617,144
7158274,"Eastern Road, Kemptown, BN2 5BE",-0.1201084405183792,50.818661090305454,249,1617,280
7158276,"Eastern Road, Kemptown, BN2 5BE",-0.1201084405183792,50.818661090305454,251,1761,324
7158277,"Eastern Road, Kemptown, BN2 5BE",-0.1201084405183792,50.818661090305454,249,1761,116
7838977,"Freshfield Road, Kemptown, BN2 0BJ",-0.1253249943256378,50.82185166725476,306,1617,128
7838978,"Freshfield Road, Kemptown, BN2 0BJ",-0.1253249943256378,50.82185166725476,308,1617,308
6927360,"Roedean Road, Brighton Marina Village, BN2 5RF",-0.1035179475019276,50.816918118131824,325,1617,26
6927362,"Roedean Road, Brighton Marina Village, BN2 5RF",-0.1035179475019276,50.816918118131824,324,1617,282
6927363,"Roedean Road, Brighton Marina Village, BN2 5RF",-0.1035179475019276,50.816918118131824,325,1761,26
6927365,"Roedean Road, Brighton Marina Village, BN2 5RF",-0.1035179475019276,50.816918118131824,324,1761,203
6738688,"Moulsecoomb Way, Bevendean, BN2 4JZ",-0.1053372427820704,50.85196003986864,319,1617,26
6738690,"Moulsecoomb Way, Bevendean, BN2 4JZ",-0.1053372427820704,50.85196003986864,320,1617,195
6738691,"Moulsecoomb Way, Bevendean, BN2 4JZ",-0.1053372427820704,50.85196003986864,319,1761,54
6738693,"Moulsecoomb Way, Bevendean, BN2 4JZ",-0.1053372427820704,50.85196003986864,320,1761,15
4917760,"Plumpton, Lewes, BN7 3AL",-0.0674362331628799,50.92385004072031,108,1617,296
4917761,"Plumpton, Lewes, BN7 3AL",-0.0674362331628799,50.92385004072031,110,1617,183
4917762,"Plumpton, Lewes, BN7 3AL",-0.0674362331628799,50.92385004072031,109,1617,291
4917772,"Plumpton, Lewes, BN7 3AL",-0.0674362331628799,50.92385004072031,170,6225,11
4917773,"Plumpton, Lewes, BN7 3AL",-0.0674362331628799,50.92385004072031,168,6225,104
4917774,"Plumpton, Lewes, BN7 3AL",-0.0674362331628799,50.92385004072031,169,6225,282
5289728,"Brighton Road, BN6 9LX",-0.1497350361036069,50.920165922376185,476,1617,300
5289729,"Brighton Road, BN6 9LX",-0.1497350361036069,50.920165922376185,474,1617,151
5289730,"Brighton Road, BN6 9LX",-0.1497350361036069,50.920165922376185,475,1617,207
5289740,"Brighton Road, BN6 9LX",-0.1497350361036069,50.920165922376185,244,6225,28
5289741,"Brighton Road, BN6 9LX",-0.1497350361036069,50.920165922376185,243,6225,331
5289742,"Brighton Road, BN6 9LX",-0.1497350361036069,50.920165922376185,245,6225,212
5289984,"Hurstpierpoint and Sayers Common, BN6 9XT",-0.1729422354727422,50.93439410051184,86,1617,27
5289986,"Hurstpierpoint and Sayers Common, BN6 9XT",-0.1729422354727422,50.93439410051184,85,1617,207
6036224,"Brighton Road, BN6 9PD",-0.1540319375161743,50.91274893166786,182,1617,335
6036225,"Brighton Road, BN6 9PD",-0.1540319375161743,50.91274893166786,180,1617,155
6036226,"Brighton Road, BN6 9PD",-0.1540319375161743,50.91274893166786,181,1617,173
4925952,"The Wyshe, Pyecombe, BN45 7FB",-0.1636650357241722,50.899624088875896,257,1617,33
4925953,"The Wyshe, Pyecombe, BN45 7FB",-0.1636650357241722,50.899624088875896,255,1617,181
4925954,"The Wyshe, Pyecombe, BN45 7FB",-0.1636650357241722,50.899624088875896,256,1617,306
5240065,"London Road, Pyecombe, BN45 7BJ",-0.1625201662251751,50.89526347319955,324,1617,139
5240066,"London Road, Pyecombe, BN45 7BJ",-0.1625201662251751,50.89526347319955,326,1617,319
8224512,"Falmer Road, BN2 7GW",-0.0677969556998293,50.82206337977911,218,1617,353
8224513,"Falmer Road, BN2 7GW",-0.0677969556998293,50.82206337977911,216,1617,295
8224515,"Falmer Road, BN2 7GW",-0.0677969556998293,50.82206337977911,218,1761,146
8224516,"Falmer Road, BN2 7GW",-0.0677969556998293,50.82206337977911,216,1761,153
8224524,"Falmer Road, BN2 7GW",-0.0677969556998293,50.82206337977911,193,6225,329
8224525,"Falmer Road, BN2 7GW",-0.0677969556998293,50.82206337977911,194,6225,151
4919808,"BN2 7BS",-0.0711796107354985,50.80669853782385,210,1617,291
4919809,"BN2 7BS",-0.0711796107354985,50.80669853782385,211,1617,111
4000001,"Norton Drive, Woodingdean, BN2 6NT",-0.0637149129566786,50.84010402506905,267,1617,169
4000002,"Norton Drive, Woodingdean, BN2 6NT",-0.0637149129566786,50.84010402506905,270,1617,340
4000004,"Norton Drive, Woodingdean, BN2 6NT",-0.0637149129566786,50.84010402506905,271,1761,349
4000005,"Norton Drive, Woodingdean, BN2 6NT",-0.0637149129566786,50.84010402506905,270,1761,349
4000013,"Norton Drive, Woodingdean, BN2 6NT",-0.0637149129566786,50.84010402506905,213,6225,154
4000014,"Norton Drive, Woodingdean, BN2 6NT",-0.0637149129566786,50.84010402506905,275,6225,321
4272385,"A27, Falmer, Lewes, BN1 9PD",-0.0509363367842752,50.870031056227965,309,1617,89
4272386,"A27, Falmer, Lewes, BN1 9PD",-0.0509363367842752,50.870031056227965,311,1617,270
8472832,"Drove Avenue, Lewes, BN2 6NT",-0.0659949551610452,50.84646695143523,183,1617,349
8472833,"Drove Avenue, Lewes, BN2 6NT",-0.0659949551610452,50.84646695143523,185,1617,62
8472834,"Drove Avenue, Lewes, BN2 6NT",-0.0659949551610452,50.84646695143523,184,1617,197
8472835,"Drove Avenue, Lewes, BN2 6NT",-0.0659949551610452,50.84646695143523,183,1761,17
8472837,"Drove Avenue, Lewes, BN2 6NT",-0.0659949551610452,50.84646695143523,184,1761,337
8472838,"Drove Avenue, Lewes, BN2 6NT",-0.0659949551610452,50.84646695143523,183,3350,8
8472839,"Drove Avenue, Lewes, BN2 6NT",-0.0659949551610452,50.84646695143523,185,3350,62
8472840,"Drove Avenue, Lewes, BN2 6NT",-0.0659949551610452,50.84646695143523,184,3350,54
8472841,"Drove Avenue, Lewes, BN2 6NT",-0.0659949551610452,50.84646695143523,183,3179,2
8472843,"Drove Avenue, Lewes, BN2 6NT",-0.0659949551610452,50.84646695143523,184,3179,32
3967488,"South Street, Falmer, Lewes, BN1 9PB",-0.0824437678580982,50.86768858307127,97,1617,38
3967489,"South Street, Falmer, Lewes, BN1 9PB",-0.0824437678580982,50.86768858307127,96,1617,234
3967490,"South Street, Falmer, Lewes, BN1 9PB",-0.0824437678580982,50.86768858307127,98,1617,243
3967492,"South Street, Falmer, Lewes, BN1 9PB",-0.0824437678580982,50.86768858307127,183,1811,63
3967493,"South Street, Falmer, Lewes, BN1 9PB",-0.0824437678580982,50.86768858307127,98,1761,13
4653312,"A23, Hurstpierpoint and Sayers Common, BN6 9JW",-0.1950680961211901,50.93299681197798,198,1617,0
4653313,"A23, Hurstpierpoint and Sayers Common, BN6 9JW",-0.1950680961211901,50.93299681197798,200,1617,177
4653314,"A23, Hurstpierpoint and Sayers Common, BN6 9JW",-0.1950680961211901,50.93299681197798,199,1617,345
5242880,"West Road, BN6 9BS",-0.1824645678811051,50.90191728669984,93,1617,88
5242881,"West Road, BN6 9BS",-0.1824645678811051,50.90191728669984,95,1617,268
5792256,"Rocks Lane | RH17 6JG",-0.1415592705210429,51.05645382564917,358,1617,324
5792257,"Rocks Lane | RH17 6JG",-0.1415592705210429,51.05645382564917,357,1617,297
5792258,"Rocks Lane | RH17 6JG",-0.1415592705210429,51.05645382564917,359,1617,117
5792268,"Rocks Lane | RH17 6JG",-0.1415592705210429,51.05645382564917,357,1617,28
5792269,"Rocks Lane | RH17 6JG",-0.1415592705210429,51.05645382564917,471,6225,88
5792270,"Rocks Lane | RH17 6JG",-0.1415592705210429,51.05645382564917,472,6225,131
6109184,"Redbridge Lane | RH17 6PW",-0.1473578810691833,51.06640117824286,338,1617,45
6109185,"Redbridge Lane | RH17 6PW",-0.1473578810691833,51.06640117824286,336,1617,225
6109196,"Redbridge Lane | RH17 6PW",-0.1473578810691833,51.06640117824286,325,6225,318
6109197,"Redbridge Lane | RH17 6PW",-0.1473578810691833,51.06640117824286,326,6225,121
5493504,"High Beeches Lane | RH17 6HQ",-0.1694816080006376,51.06390687158229,163,1617,57
5493505,"High Beeches Lane | RH17 6HQ",-0.1694816080006376,51.06390687158229,162,1617,100
5493506,"High Beeches Lane | RH17 6HQ",-0.1694816080006376,51.06390687158229,164,1617,237
5493516,"High Beeches Lane | RH17 6HQ",-0.1694816080006376,51.06390687158229,163,6225,61
5493517,"High Beeches Lane | RH17 6HQ",-0.1694816080006376,51.06390687158229,162,6225,81
5493518,"High Beeches Lane | RH17 6HQ",-0.1694816080006376,51.06390687158229,164,6225,207
4926976,"A23 | RH17 6BZ",-0.2016214395945326,51.0496028396346,115,1617,355
4926977,"A23 | RH17 6BZ",-0.2016214395945326,51.0496028396346,114,1617,165
4926978,"A23 | RH17 6BZ",-0.2016214395945326,51.0496028396346,116,1617,338
4926988,"A23 | RH17 6BZ",-0.2016214395945326,51.0496028396346,497,6225,350
4926989,"A23 | RH17 6BZ",-0.2016214395945326,51.0496028396346,495,6225,167
4926990,"A23 | RH17 6BZ",-0.2016214395945326,51.0496028396346,496,6225,194
5234432,"A23 | RH17 6HB",-0.2043550948301344,51.06373061414014,140,1617,349
5234433,"A23 | RH17 6HB",-0.2043550948301344,51.06373061414014,138,1617,168
5234444,"A23 | RH17 6HB",-0.2043550948301344,51.06373061414014,119,6225,348
5234445,"A23 | RH17 6HB",-0.2043550948301344,51.06373061414014,117,6225,169
6040320,"High Street | RH17 6JZ",-0.1589308744595411,51.07999291217149,45,1617,354
6040321,"High Street | RH17 6JZ",-0.1589308744595411,51.07999291217149,47,1617,348
6040332,"High Street | RH17 6JZ",-0.1589308744595411,51.07999291217149,45,6225,168
6040333,"High Street | RH17 6JZ",-0.1589308744595411,51.07999291217149,47,6225,159
5234688,"London Road | RH17 5QD",-0.1981735629864552,51.00735756979486,283,1617,357
5234689,"London Road | RH17 5QD",-0.1981735629864552,51.00735756979486,282,1617,177
5494784,"Colwood Lane | RH17 5UQ",-0.2100464839291017,51.01100730979664,260,1617,352
5494785,"Colwood Lane | RH17 5UQ",-0.2100464839291017,51.01100730979664,259,1617,243
5494786,"Colwood Lane | RH17 5UQ",-0.2100464839291017,51.01100730979664,258,1617,279
5494796,"Colwood Lane | RH17 5UQ",-0.2100464839291017,51.01100730979664,431,6225,172
5494797,"Colwood Lane | RH17 5UQ",-0.2100464839291017,51.01100730979664,429,6225,237
5494798,"Colwood Lane | RH17 5UQ",-0.2100464839291017,51.01100730979664,430,6225,290
5210624,"Nursery Lane | Ansty and Staplefield | RH17 5GY",-0.1961545767528605,51.01983178572736,271,1617,356
5210625,"Nursery Lane | Ansty and Staplefield | RH17 5GY",-0.1961545767528605,51.01983178572736,272,1617,58
5210626,"Nursery Lane | Ansty and Staplefield | RH17 5GY",-0.1961545767528605,51.01983178572736,270,1617,238
7063297,"Copthorne Road, Felbridge, RH19 2QQ",-0.0714406658225917,51.14433036083452,456,1617,64
7063298,"Copthorne Road, Felbridge, RH19 2QQ",-0.0714406658225917,51.14433036083452,458,1617,244
8563456,"Copthorne Common Road, Worth, RH10 3LB",-0.0959424376487732,51.13426190415916,412,1617,99
8563457,"Copthorne Common Road, Worth, RH10 3LB",-0.0959424376487732,51.13426190415916,413,1617,138
8563458,"Copthorne Common Road, Worth, RH10 3LB",-0.0959424376487732,51.13426190415916,411,1617,285
8563459,"Copthorne Common Road, Worth, RH10 3LB",-0.0959424376487732,51.13426190415916,412,1761,114
8563460,"Copthorne Common Road, Worth, RH10 3LB",-0.0959424376487732,51.13426190415916,413,1761,157
8563461,"Copthorne Common Road, Worth, RH10 3LB",-0.0959424376487732,51.13426190415916,411,1761,280
4928512,"Broad Field, RH19 4QR",-0.0568313762083789,51.08086736959327,334,1617,276
4928513,"Broad Field, RH19 4QR",-0.0568313762083789,51.08086736959327,335,1617,293
4928514,"Broad Field, RH19 4QR",-0.0568313762083789,51.08086736959327,333,1617,192
4928524,"Broad Field, RH19 4QR",-0.0568313762083789,51.08086736959327,262,6225,277
4928525,"Broad Field, RH19 4QR",-0.0568313762083789,51.08086736959327,263,6225,113
4928526,"Broad Field, RH19 4QR",-0.0568313762083789,51.08086736959327,261,6225,158
4071680,"Worth Way, Worth, RH10 4AD",-0.0843919743932701,51.11927818187925,361,1617,20
4071681,"Worth Way, Worth, RH10 4AD",-0.0843919743932701,51.11927818187925,362,1617,190
4071692,"Worth Way, Worth, RH10 4AD",-0.0843919743932701,51.11927818187925,111,6225,345
4071693,"Worth Way, Worth, RH10 4AD",-0.0843919743932701,51.11927818187925,112,6225,206
4071694,"Worth Way, Worth, RH10 4AD",-0.0843919743932701,51.11927818187925,113,6225,334
7408640,"Copthorne Road, Felbridge, RH19 2PB",-0.0631363035413455,51.14151928976892,355,1617,255
7408641,"Copthorne Road, Felbridge, RH19 2PB",-0.0631363035413455,51.14151928976892,354,1617,109
7408642,"Copthorne Road, Felbridge, RH19 2PB",-0.0631363035413455,51.14151928976892,356,1617,250
7408652,"Copthorne Road, Felbridge, RH19 2PB",-0.0631363035413455,51.14151928976892,125,6225,75
7408653,"Copthorne Road, Felbridge, RH19 2PB",-0.0631363035413455,51.14151928976892,123,6225,87
7408654,"Copthorne Road, Felbridge, RH19 2PB",-0.0631363035413455,51.14151928976892,124,6225,260
3916032,"College Road, Crawley, RH10 1NR",-0.1818617754555589,51.11634789298704,446,1617,21
3916033,"College Road, Crawley, RH10 1NR",-0.1818617754555589,51.11634789298704,444,1617,84
3916034,"College Road, Crawley, RH10 1NR",-0.1818617754555589,51.11634789298704,445,1617,275
3916035,"College Road, Crawley, RH10 1NR",-0.1818617754555589,51.11634789298704,320,1815,52
3916036,"College Road, Crawley, RH10 1NR",-0.1818617754555589,51.11634789298704,444,1815,126
3916037,"College Road, Crawley, RH10 1NR",-0.1818617754555589,51.11634789298704,372,1617,270
3916038,"College Road, Crawley, RH10 1NR",-0.1818617754555589,51.11634789298704,172,3350,8
3916039,"College Road, Crawley, RH10 1NR",-0.1818617754555589,51.11634789298704,444,3350,100
3916040,"College Road, Crawley, RH10 1NR",-0.1818617754555589,51.11634789298704,445,3350,187
3916041,"College Road, Crawley, RH10 1NR",-0.1818617754555589,51.11634789298704,446,3179,11
3916042,"College Road, Crawley, RH10 1NR",-0.1818617754555589,51.11634789298704,444,3179,78
3916043,"College Road, Crawley, RH10 1NR",-0.1818617754555589,51.11634789298704,445,3179,192
3916050,"College Road, Crawley, RH10 1NR",-0.1818617754555589,51.11634789298704,446,522,53
3916051,"College Road, Crawley, RH10 1NR",-0.1818617754555589,51.11634789298704,444,522,184
3916052,"College Road, Crawley, RH10 1NR",-0.1818617754555589,51.11634789298704,445,522,249
7841792,"Fleming Way, Lowfield Heath, Crawley, RH10 9QL",-0.1800439649261989,51.13462438308472,318,1617,35
7841793,"Fleming Way, Lowfield Heath, Crawley, RH10 9QL",-0.1800439649261989,51.13462438308472,320,1617,35
7841794,"Fleming Way, Lowfield Heath, Crawley, RH10 9QL",-0.1800439649261989,51.13462438308472,319,1617,19
7841795,"Fleming Way, Lowfield Heath, Crawley, RH10 9QL",-0.1800439649261989,51.13462438308472,318,1815,28
7841796,"Fleming Way, Lowfield Heath, Crawley, RH10 9QL",-0.1800439649261989,51.13462438308472,320,1815,38
7841797,"Fleming Way, Lowfield Heath, Crawley, RH10 9QL",-0.1800439649261989,51.13462438308472,319,1815,33
7841799,"Fleming Way, Lowfield Heath, Crawley, RH10 9QL",-0.1800439649261989,51.13462438308472,320,3350,48
7841800,"Fleming Way, Lowfield Heath, Crawley, RH10 9QL",-0.1800439649261989,51.13462438308472,319,3350,114
7841802,"Fleming Way, Lowfield Heath, Crawley, RH10 9QL",-0.1800439649261989,51.13462438308472,320,3179,90
7841803,"Fleming Way, Lowfield Heath, Crawley, RH10 9QL",-0.1800439649261989,51.13462438308472,319,3179,294
7841804,"Fleming Way, Lowfield Heath, Crawley, RH10 9QL",-0.1800439649261989,51.13462438308472,278,6225,11
7841805,"Fleming Way, Lowfield Heath, Crawley, RH10 9QL",-0.1800439649261989,51.13462438308472,276,6225,44
7841806,"Fleming Way, Lowfield Heath, Crawley, RH10 9QL",-0.1800439649261989,51.13462438308472,277,6225,126
7841810,"Fleming Way, Lowfield Heath, Crawley, RH10 9QL",-0.1800439649261989,51.13462438308472,264,522,33
7841811,"Fleming Way, Lowfield Heath, Crawley, RH10 9QL",-0.1800439649261989,51.13462438308472,324,522,42
7841812,"Fleming Way, Lowfield Heath, Crawley, RH10 9QL",-0.1800439649261989,51.13462438308472,288,522,253
8134912,"Metcalf Way, Lowfield Heath, Crawley, RH11 7RW",-0.1879239375221004,51.1339587189464,484,1617,266
8134914,"Metcalf Way, Lowfield Heath, Crawley, RH11 7RW",-0.1879239375221004,51.1339587189464,483,1617,86
6903296,"Manor Royal, Crawley, RH10 9HA",-0.1836561789457391,51.12987870743658,435,1617,102
6903297,"Manor Royal, Crawley, RH10 9HA",-0.1836561789457391,51.12987870743658,436,1617,282
6903298,"Manor Royal, Crawley, RH10 9HA",-0.1836561789457391,51.12987870743658,437,1617,279
6903301,"Manor Royal, Crawley, RH10 9HA",-0.1836561789457391,51.12987870743658,437,1761,273
9097216,"Manor Royal, Crawley, RH10 9HA",-0.183858098744826,51.130301038344925,1,1617,0
4407296,"Langley Drive, Crawley, RH11 7TD",-0.1894515492022037,51.12558864710528,420,1617,82
4407297,"Langley Drive, Crawley, RH11 7TD",-0.1894515492022037,51.12558864710528,422,1617,272
4407298,"Langley Drive, Crawley, RH11 7TD",-0.1894515492022037,51.12558864710528,421,1617,325
4407299,"Langley Drive, Crawley, RH11 7TD",-0.1894515492022037,51.12558864710528,420,1761,36
4407300,"Langley Drive, Crawley, RH11 7TD",-0.1894515492022037,51.12558864710528,422,1761,282
4407301,"Langley Drive, Crawley, RH11 7TD",-0.1894515492022037,51.12558864710528,421,1761,28
4407302,"Langley Drive, Crawley, RH11 7TD",-0.1894515492022037,51.12558864710528,420,3350,49
4407303,"Langley Drive, Crawley, RH11 7TD",-0.1894515492022037,51.12558864710528,422,3350,233
4407304,"Langley Drive, Crawley, RH11 7TD",-0.1894515492022037,51.12558864710528,421,3350,358
4407305,"Langley Drive, Crawley, RH11 7TD",-0.1894515492022037,51.12558864710528,420,3179,51
4407306,"Langley Drive, Crawley, RH11 7TD",-0.1894515492022037,51.12558864710528,422,3179,226
4407307,"Langley Drive, Crawley, RH11 7TD",-0.1894515492022037,51.12558864710528,421,3179,20
6643712,"Carlton Close, Crawley, RH10 6TX",-0.1842391643974679,51.11152084050385,467,1617,339
6643713,"Carlton Close, Crawley, RH10 6TX",-0.1842391643974679,51.11152084050385,466,1617,194
6643714,"Carlton Close, Crawley, RH10 6TX",-0.1842391643974679,51.11152084050385,465,1617,304
6643715,"Carlton Close, Crawley, RH10 6TX",-0.1842391643974679,51.11152084050385,467,1815,353
6643716,"Carlton Close, Crawley, RH10 6TX",-0.1842391643974679,51.11152084050385,466,1815,180
6643717,"Carlton Close, Crawley, RH10 6TX",-0.1842391643974679,51.11152084050385,465,1815,301
6643718,"Carlton Close, Crawley, RH10 6TX",-0.1842391643974679,51.11152084050385,467,3350,337
6643719,"Carlton Close, Crawley, RH10 6TX",-0.1842391643974679,51.11152084050385,466,3350,158
6643720,"Carlton Close, Crawley, RH10 6TX",-0.1842391643974679,51.11152084050385,465,3350,329
6643721,"Carlton Close, Crawley, RH10 6TX",-0.1842391643974679,51.11152084050385,467,3179,354
6643722,"Carlton Close, Crawley, RH10 6TX",-0.1842391643974679,51.11152084050385,466,3179,14
6643723,"Carlton Close, Crawley, RH10 6TX",-0.1842391643974679,51.11152084050385,465,3179,328
6643724,"Carlton Close, Crawley, RH10 6TX",-0.1842391643974679,51.11152084050385,179,6225,22
6643725,"Carlton Close, Crawley, RH10 6TX",-0.1842391643974679,51.11152084050385,177,6225,28
6643726,"Carlton Close, Crawley, RH10 6TX",-0.1842391643974679,51.11152084050385,178,6225,213
6643730,"Carlton Close, Crawley, RH10 6TX",-0.1842391643974679,51.11152084050385,81,522,353
6643731,"Carlton Close, Crawley, RH10 6TX",-0.1842391643974679,51.11152084050385,258,522,315
6643732,"Carlton Close, Crawley, RH10 6TX",-0.1842391643974679,51.11152084050385,147,522,309
6845952,"London Road, Crawley, RH10 9GY",-0.1854985778934406,51.13892884918951,448,1617,6
6845953,"London Road, Crawley, RH10 9GY",-0.1854985778934406,51.13892884918951,449,1617,175
6845954,"London Road, Crawley, RH10 9GY",-0.1854985778934406,51.13892884918951,447,1617,196
6845955,"London Road, Crawley, RH10 9GY",-0.1854985778934406,51.13892884918951,448,1761,53
6845957,"London Road, Crawley, RH10 9GY",-0.1854985778934406,51.13892884918951,447,1761,190
6959104,"Prestwood Lane, Horsham, RH11 0LA",-0.2360411703881381,51.13318141109369,230,1617,22
6959105,"Prestwood Lane, Horsham, RH11 0LA",-0.2360411703881381,51.13318141109369,229,1617,130
6959106,"Prestwood Lane, Horsham, RH11 0LA",-0.2360411703881381,51.13318141109369,228,1617,310
6959107,"Prestwood Lane, Horsham, RH11 0LA",-0.2360411703881381,51.13318141109369,230,1761,347
6959108,"Prestwood Lane, Horsham, RH11 0LA",-0.2360411703881381,51.13318141109369,229,1761,55
6959109,"Prestwood Lane, Horsham, RH11 0LA",-0.2360411703881381,51.13318141109369,228,1761,311
6959116,"Prestwood Lane, Horsham, RH11 0LA",-0.2360411703881381,51.13318141109369,463,6225,51
6959117,"Prestwood Lane, Horsham, RH11 0LA",-0.2360411703881381,51.13318141109369,462,6225,130
6959118,"Prestwood Lane, Horsham, RH11 0LA",-0.2360411703881381,51.13318141109369,464,6225,260
7255552,"Dobbins Place, Crawley, RH11 0SZ",-0.2298858322344585,51.110965921633856,373,1617,83
7255553,"Dobbins Place, Crawley, RH11 0SZ",-0.2298858322344585,51.110965921633856,372,1617,197
7255554,"Dobbins Place, Crawley, RH11 0SZ",-0.2298858322344585,51.110965921633856,125,1617,328
7843072,"Bewbush Drive, Crawley, RH11 8YH",-0.2236873700460364,51.10377895168944,263,1617,351
7843073,"Bewbush Drive, Crawley, RH11 8YH",-0.2236873700460364,51.10377895168944,261,1617,168
7843074,"Bewbush Drive, Crawley, RH11 8YH",-0.2236873700460364,51.10377895168944,262,1617,316
7843075,"Bewbush Drive, Crawley, RH11 8YH",-0.2236873700460364,51.10377895168944,263,1761,3
7843076,"Bewbush Drive, Crawley, RH11 8YH",-0.2236873700460364,51.10377895168944,261,1761,145
7843077,"Bewbush Drive, Crawley, RH11 8YH",-0.2236873700460364,51.10377895168944,422,1761,236
6728960,"Ifield Avenue, Crawley, RH11 7LD",-0.2096781075234259,51.130328784434624,97,1617,326
6728961,"Ifield Avenue, Crawley, RH11 7LD",-0.2096781075234259,51.130328784434624,98,1617,135
6728962,"Ifield Avenue, Crawley, RH11 7LD",-0.2096781075234259,51.130328784434624,96,1617,314
6846720,"Old Brighton Road (South), RH11 9AH",-0.2031282203142836,51.08139496027256,303,1617,92
6846721,"Old Brighton Road (South), RH11 9AH",-0.2031282203142836,51.08139496027256,304,1617,183
6846722,"Old Brighton Road (South), RH11 9AH",-0.2031282203142836,51.08139496027256,305,1617,270
6846723,"Old Brighton Road (South), RH11 9AH",-0.2031282203142836,51.08139496027256,303,1761,85
6846724,"Old Brighton Road (South), RH11 9AH",-0.2031282203142836,51.08139496027256,304,1761,173
6846725,"Old Brighton Road (South), RH11 9AH",-0.2031282203142836,51.08139496027256,305,1761,267
6846732,"Old Brighton Road (South), RH11 9AH",-0.2031282203142836,51.08139496027256,287,6225,126
6846733,"Old Brighton Road (South), RH11 9AH",-0.2031282203142836,51.08139496027256,285,6225,169
7996160,"The Grove, Crawley, RH11 7EP",-0.1974901101655177,51.11666870892702,168,1617,317
7996161,"The Grove, Crawley, RH11 7EP",-0.1974901101655177,51.11666870892702,170,1617,292
7996162,"The Grove, Crawley, RH11 7EP",-0.1974901101655177,51.11666870892702,169,1617,242
7996163,"The Grove, Crawley, RH11 7EP",-0.1974901101655177,51.11666870892702,168,1761,324
7996164,"The Grove, Crawley, RH11 7EP",-0.1974901101655177,51.11666870892702,170,1761,149
7996165,"The Grove, Crawley, RH11 7EP",-0.1974901101655177,51.11666870892702,169,1761,252
7996166,"The Grove, Crawley, RH11 7EP",-0.1974901101655177,51.11666870892702,168,3350,329
7996167,"The Grove, Crawley, RH11 7EP",-0.1974901101655177,51.11666870892702,170,3350,72
7996168,"The Grove, Crawley, RH11 7EP",-0.1974901101655177,51.11666870892702,168,3350,253
7996169,"The Grove, Crawley, RH11 7EP",-0.1974901101655177,51.11666870892702,168,3179,323
7996170,"The Grove, Crawley, RH11 7EP",-0.1974901101655177,51.11666870892702,170,3179,112
7996171,"The Grove, Crawley, RH11 7EP",-0.1974901101655177,51.11666870892702,169,3179,277
6904320,"Creasys Drive, Crawley, RH11 9HH",-0.2098412819970544,51.09189122831157,257,1617,16
6904321,"Creasys Drive, Crawley, RH11 9HH",-0.2098412819970544,51.09189122831157,255,1617,72
6904322,"Creasys Drive, Crawley, RH11 9HH",-0.2098412819970544,51.09189122831157,256,1617,195
6904332,"Creasys Drive, Crawley, RH11 9HH",-0.2098412819970544,51.09189122831157,321,6225,299
6904333,"Creasys Drive, Crawley, RH11 9HH",-0.2098412819970544,51.09189122831157,322,6225,125
6904334,"Creasys Drive, Crawley, RH11 9HH",-0.2098412819970544,51.09189122831157,323,6225,227
6862848,"Broadfield Place, Crawley, RH11 9BA",-0.2054767965575249,51.09709262262638,183,1617,268
6862849,"Broadfield Place, Crawley, RH11 9BA",-0.2054767965575249,51.09709262262638,185,1617,122
6862850,"Broadfield Place, Crawley, RH11 9BA",-0.2054767965575249,51.09709262262638,184,1617,275
6862860,"Broadfield Place, Crawley, RH11 9BA",-0.2054767965575249,51.09709262262638,53,6225,303
6862861,"Broadfield Place, Crawley, RH11 9BA",-0.2054767965575249,51.09709262262638,52,6225,97
6862862,"Broadfield Place, Crawley, RH11 9BA",-0.2054767965575249,51.09709262262638,51,6225,286
6862592,"Buckswood Drive, Crawley, RH11 8HU",-0.2127564636238306,51.10847933023575,102,1617,13
6862593,"Buckswood Drive, Crawley, RH11 8HU",-0.2127564636238306,51.10847933023575,372,1617,86
6862594,"Buckswood Drive, Crawley, RH11 8HU",-0.2127564636238306,51.10847933023575,103,1617,226
6862595,"Buckswood Drive, Crawley, RH11 8HU",-0.2127564636238306,51.10847933023575,102,1815,10
6862596,"Buckswood Drive, Crawley, RH11 8HU",-0.2127564636238306,51.10847933023575,228,1617,112
6862597,"Buckswood Drive, Crawley, RH11 8HU",-0.2127564636238306,51.10847933023575,103,1815,124
6862598,"Buckswood Drive, Crawley, RH11 8HU",-0.2127564636238306,51.10847933023575,102,3350,193
6862599,"Buckswood Drive, Crawley, RH11 8HU",-0.2127564636238306,51.10847933023575,104,3350,118
6862600,"Buckswood Drive, Crawley, RH11 8HU",-0.2127564636238306,51.10847933023575,103,3350,114
6862601,"Buckswood Drive, Crawley, RH11 8HU",-0.2127564636238306,51.10847933023575,102,3179,11
6862602,"Buckswood Drive, Crawley, RH11 8HU",-0.2127564636238306,51.10847933023575,422,1761,113
6862603,"Buckswood Drive, Crawley, RH11 8HU",-0.2127564636238306,51.10847933023575,103,3179,109
6862604,"Buckswood Drive, Crawley, RH11 8HU",-0.2127564636238306,51.10847933023575,298,6225,41
6862605,"Buckswood Drive, Crawley, RH11 8HU",-0.2127564636238306,51.10847933023575,299,6225,112
6862606,"Buckswood Drive, Crawley, RH11 8HU",-0.2127564636238306,51.10847933023575,297,6225,183
6862611,"Buckswood Drive, Crawley, RH11 8HU",-0.2127564636238306,51.10847933023575,104,522,184
6862612,"Buckswood Drive, Crawley, RH11 8HU",-0.2127564636238306,51.10847933023575,422,1761,109
7119104,"Winfield Way, Crawley, RH11 9RX",-0.1946092053516624,51.10047706019808,209,1617,285
7119105,"Winfield Way, Crawley, RH11 9RX",-0.1946092053516624,51.10047706019808,207,1617,124
7119106,"Winfield Way, Crawley, RH11 9RX",-0.1946092053516624,51.10047706019808,208,1617,246
7119107,"Winfield Way, Crawley, RH11 9RX",-0.1946092053516624,51.10047706019808,209,1761,306
7119108,"Winfield Way, Crawley, RH11 9RX",-0.1946092053516624,51.10047706019808,207,1761,123
7119109,"Winfield Way, Crawley, RH11 9RX",-0.1946092053516624,51.10047706019808,208,1761,246
7119122,"Winfield Way, Crawley, RH11 9RX",-0.1946092053516624,51.10047706019808,209,522,286
7119123,"Winfield Way, Crawley, RH11 9RX",-0.1946092053516624,51.10047706019808,207,522,304
7119124,"Winfield Way, Crawley, RH11 9RX",-0.1946092053516624,51.10047706019808,208,522,175
7375616,"Tollgate Hill, Crawley, RH11 9QH",-0.1996341347694397,51.09369360226505,324,1617,337
7375617,"Tollgate Hill, Crawley, RH11 9QH",-0.1996341347694397,51.09369360226505,326,1617,183
7375618,"Tollgate Hill, Crawley, RH11 9QH",-0.1996341347694397,51.09369360226505,325,1617,3
7375620,"Tollgate Hill, Crawley, RH11 9QH",-0.1996341347694397,51.09369360226505,326,1761,96
7375621,"Tollgate Hill, Crawley, RH11 9QH",-0.1996341347694397,51.09369360226505,325,1761,239
7270144,"A264, Worth, RH10 3PG",-0.1247165064985438,51.133583179854895,416,1617,81
7270145,"A264, Worth, RH10 3PG",-0.1247165064985438,51.133583179854895,415,1617,189
7270146,"A264, Worth, RH10 3PG",-0.1247165064985438,51.133583179854895,414,1617,9
4071424,"Turners Hill Road, Worth, RH10 4LY",-0.1341725228462564,51.1161134349134,50,1617,150
4071425,"Turners Hill Road, Worth, RH10 4LY",-0.1341725228462564,51.1161134349134,48,1617,149
4071426,"Turners Hill Road, Worth, RH10 4LY",-0.1341725228462564,51.1161134349134,49,1617,152
4071427,"Turners Hill Road, Worth, RH10 4LY",-0.1341725228462564,51.1161134349134,50,1815,150
4071428,"Turners Hill Road, Worth, RH10 4LY",-0.1341725228462564,51.1161134349134,48,1815,145
4071429,"Turners Hill Road, Worth, RH10 4LY",-0.1341725228462564,51.1161134349134,49,1815,152
4071430,"Turners Hill Road, Worth, RH10 4LY",-0.1341725228462564,51.1161134349134,50,3350,317
4071431,"Turners Hill Road, Worth, RH10 4LY",-0.1341725228462564,51.1161134349134,48,3350,149
4071432,"Turners Hill Road, Worth, RH10 4LY",-0.1341725228462564,51.1161134349134,49,3350,150
4071433,"Turners Hill Road, Worth, RH10 4LY",-0.1341725228462564,51.1161134349134,50,3179,137
4071435,"Turners Hill Road, Worth, RH10 4LY",-0.1341725228462564,51.1161134349134,49,3179,153
4071436,"Turners Hill Road, Worth, RH10 4LY",-0.1341725228462564,51.1161134349134,333,6225,150
4071437,"Turners Hill Road, Worth, RH10 4LY",-0.1341725228462564,51.1161134349134,334,6225,150
4071438,"Turners Hill Road, Worth, RH10 4LY",-0.1341725228462564,51.1161134349134,335,6225,152
8008192,"Shipley Bridge Lane, Burstow, RH6 9TL",-0.1293379893668316,51.14124540462059,378,1617,8
8008193,"Shipley Bridge Lane, Burstow, RH6 9TL",-0.1293379893668316,51.14124540462059,379,1617,169
8008194,"Shipley Bridge Lane, Burstow, RH6 9TL",-0.1293379893668316,51.14124540462059,380,1617,179
8008195,"Shipley Bridge Lane, Burstow, RH6 9TL",-0.1293379893668316,51.14124540462059,378,1761,8
8008196,"Shipley Bridge Lane, Burstow, RH6 9TL",-0.1293379893668316,51.14124540462059,379,1761,163
8008197,"Shipley Bridge Lane, Burstow, RH6 9TL",-0.1293379893668316,51.14124540462059,380,1761,189
8008204,"Shipley Bridge Lane, Burstow, RH6 9TL",-0.1293379893668316,51.14124540462059,55,6225,187
8008205,"Shipley Bridge Lane, Burstow, RH6 9TL",-0.1293379893668316,51.14124540462059,56,6225,167
8008206,"Shipley Bridge Lane, Burstow, RH6 9TL",-0.1293379893668316,51.14124540462059,54,6225,189
3893504,"Balcombe Road, Worth, Crawley, RH10 3NY",-0.1482093660877126,51.12332322005005,343,1617,335
3893505,"Balcombe Road, Worth, Crawley, RH10 3NY",-0.1482093660877126,51.12332322005005,342,1617,118
3893506,"Balcombe Road, Worth, Crawley, RH10 3NY",-0.1482093660877126,51.12332322005005,344,1617,196
6683392,"Tinsley Lane South, Crawley, RH10 8XH",-0.167467486332498,51.12644032319092,172,1617,29
6683393,"Tinsley Lane South, Crawley, RH10 8XH",-0.167467486332498,51.12644032319092,171,1617,123
6683394,"Tinsley Lane South, Crawley, RH10 8XH",-0.167467486332498,51.12644032319092,173,1617,265
6683395,"Tinsley Lane South, Crawley, RH10 8XH",-0.167467486332498,51.12644032319092,172,1761,31
6683396,"Tinsley Lane South, Crawley, RH10 8XH",-0.167467486332498,51.12644032319092,171,1761,92
6683397,"Tinsley Lane South, Crawley, RH10 8XH",-0.167467486332498,51.12644032319092,173,1761,5
6683398,"Tinsley Lane South, Crawley, RH10 8XH",-0.167467486332498,51.12644032319092,172,3350,33
6683399,"Tinsley Lane South, Crawley, RH10 8XH",-0.167467486332498,51.12644032319092,171,3350,83
6683400,"Tinsley Lane South, Crawley, RH10 8XH",-0.167467486332498,51.12644032319092,173,3350,120
6683401,"Tinsley Lane South, Crawley, RH10 8XH",-0.167467486332498,51.12644032319092,172,3179,28
6683402,"Tinsley Lane South, Crawley, RH10 8XH",-0.167467486332498,51.12644032319092,171,3179,82
6683403,"Tinsley Lane South, Crawley, RH10 8XH",-0.167467486332498,51.12644032319092,173,3179,275
7066624,"Maidenbower Drive, Worth, Crawley, RH10 7QG",-0.1534935837984221,51.1062372576969,236,1617,160
7066625,"Maidenbower Drive, Worth, Crawley, RH10 7QG",-0.1534935837984221,51.1062372576969,234,1617,87
7066626,"Maidenbower Drive, Worth, Crawley, RH10 7QG",-0.1534935837984221,51.1062372576969,235,1617,325
7066627,"Maidenbower Drive, Worth, Crawley, RH10 7QG",-0.1534935837984221,51.1062372576969,236,1761,48
7066629,"Maidenbower Drive, Worth, Crawley, RH10 7QG",-0.1534935837984221,51.1062372576969,235,1761,311
6887936,"Ewok's Revenge, Crawley, RH10 7LT",-0.1662998687439767,51.09236081253546,332,1617,61
6887937,"Ewok's Revenge, Crawley, RH10 7LT",-0.1662998687439767,51.09236081253546,331,1617,256
6887939,"Ewok's Revenge, Crawley, RH10 7LT",-0.1662998687439767,51.09236081253546,332,1761,79
6887940,"Ewok's Revenge, Crawley, RH10 7LT",-0.1662998687439767,51.09236081253546,331,1761,66
7235072,"Radford Road, Crawley, RH10 3NW",-0.1598731662197872,51.14701663007574,429,1617,122
7235073,"Radford Road, Crawley, RH10 3NW",-0.1598731662197872,51.14701663007574,430,1617,153
7235074,"Radford Road, Crawley, RH10 3NW",-0.1598731662197872,51.14701663007574,431,1617,148
7235075,"Radford Road, Crawley, RH10 3NW",-0.1598731662197872,51.14701663007574,429,1761,329
7235076,"Radford Road, Crawley, RH10 3NW",-0.1598731662197872,51.14701663007574,430,1761,161
7235077,"Radford Road, Crawley, RH10 3NW",-0.1598731662197872,51.14701663007574,431,1761,329
7235078,"Radford Road, Crawley, RH10 3NW",-0.1598731662197872,51.14701663007574,429,3350,126
7235079,"Radford Road, Crawley, RH10 3NW",-0.1598731662197872,51.14701663007574,430,3350,150
7235080,"Radford Road, Crawley, RH10 3NW",-0.1598731662197872,51.14701663007574,431,3350,137
7235081,"Radford Road, Crawley, RH10 3NW",-0.1598731662197872,51.14701663007574,429,3179,133
7235082,"Radford Road, Crawley, RH10 3NW",-0.1598731662197872,51.14701663007574,430,3179,148
7235083,"Radford Road, Crawley, RH10 3NW",-0.1598731662197872,51.14701663007574,431,3179,150
7235090,"Radford Road, Crawley, RH10 3NW",-0.1598731662197872,51.14701663007574,429,522,95
7235091,"Radford Road, Crawley, RH10 3NW",-0.1598731662197872,51.14701663007574,430,522,147
7235092,"Radford Road, Crawley, RH10 3NW",-0.1598731662197872,51.14701663007574,431,522,139
6693120,"Fleming Way, Lowfield Heath, Crawley, RH10 9NY",-0.1690520112139211,51.13577071562828,468,1617,72
6693121,"Fleming Way, Lowfield Heath, Crawley, RH10 9NY",-0.1690520112139211,51.13577071562828,405,1617,115
6693122,"Fleming Way, Lowfield Heath, Crawley, RH10 9NY",-0.1690520112139211,51.13577071562828,406,1617,281
6572288,"Russell Way, Crawley, RH10 0ZD",-0.1690743799720167,51.1138544432546,490,1617,146
6572289,"Russell Way, Crawley, RH10 0ZD",-0.1690743799720167,51.1138544432546,489,1617,90
6572290,"Russell Way, Crawley, RH10 0ZD",-0.1690743799720167,51.1138544432546,491,1617,219
6572291,"Russell Way, Crawley, RH10 0ZD",-0.1690743799720167,51.1138544432546,490,1815,242
6572292,"Russell Way, Crawley, RH10 0ZD",-0.1690743799720167,51.1138544432546,489,1815,67
6572293,"Russell Way, Crawley, RH10 0ZD",-0.1690743799720167,51.1138544432546,491,1815,188
6572294,"Russell Way, Crawley, RH10 0ZD",-0.1690743799720167,51.1138544432546,490,3350,287
6572295,"Russell Way, Crawley, RH10 0ZD",-0.1690743799720167,51.1138544432546,489,3350,106
6572296,"Russell Way, Crawley, RH10 0ZD",-0.1690743799720167,51.1138544432546,491,3350,168
6572297,"Russell Way, Crawley, RH10 0ZD",-0.1690743799720167,51.1138544432546,490,3179,260
6572298,"Russell Way, Crawley, RH10 0ZD",-0.1690743799720167,51.1138544432546,489,3179,96
6572299,"Russell Way, Crawley, RH10 0ZD",-0.1690743799720167,51.1138544432546,332,1617,235
6572300,"Russell Way, Crawley, RH10 0ZD",-0.1690743799720167,51.1138544432546,114,6225,49
6572301,"Russell Way, Crawley, RH10 0ZD",-0.1690743799720167,51.1138544432546,115,6225,67
6572302,"Russell Way, Crawley, RH10 0ZD",-0.1690743799720167,51.1138544432546,116,6225,146
6572306,"Russell Way, Crawley, RH10 0ZD",-0.1690743799720167,51.1138544432546,342,522,257
6572307,"Russell Way, Crawley, RH10 0ZD",-0.1690743799720167,51.1138544432546,489,522,102
6572308,"Russell Way, Crawley, RH10 0ZD",-0.1690743799720167,51.1138544432546,372,522,177
6847488,"Tinsley Lane North, Lowfield Heath, Crawley, RH10 9TP",-0.1641916249246833,51.13890748832181,365,1617,2
6847489,"Tinsley Lane North, Lowfield Heath, Crawley, RH10 9TP",-0.1641916249246833,51.13890748832181,363,1617,196
6847490,"Tinsley Lane North, Lowfield Heath, Crawley, RH10 9TP",-0.1641916249246833,51.13890748832181,364,1617,4
6847491,"Tinsley Lane North, Lowfield Heath, Crawley, RH10 9TP",-0.1641916249246833,51.13890748832181,365,1761,0
6847492,"Tinsley Lane North, Lowfield Heath, Crawley, RH10 9TP",-0.1641916249246833,51.13890748832181,363,1761,191
6847493,"Tinsley Lane North, Lowfield Heath, Crawley, RH10 9TP",-0.1641916249246833,51.13890748832181,364,1761,184
3842816,"London Road, Lowfield Heath, Crawley, RH11 0PH",-0.1715062135650669,51.14578630728881,487,1617,20
3842817,"London Road, Lowfield Heath, Crawley, RH11 0PH",-0.1715062135650669,51.14578630728881,365,1617,81
3842818,"London Road, Lowfield Heath, Crawley, RH11 0PH",-0.1715062135650669,51.14578630728881,488,1617,317
3842819,"London Road, Lowfield Heath, Crawley, RH11 0PH",-0.1715062135650669,51.14578630728881,487,1761,12
3842820,"London Road, Lowfield Heath, Crawley, RH11 0PH",-0.1715062135650669,51.14578630728881,486,1761,137
3842821,"London Road, Lowfield Heath, Crawley, RH11 0PH",-0.1715062135650669,51.14578630728881,488,1761,257
7425280,"Whitmore Way, Greenfields, Horley, RH6 8FX",-0.1857557212626712,51.17838616354791,237,1617,346
7425281,"Whitmore Way, Greenfields, Horley, RH6 8FX",-0.1857557212626712,51.17838616354791,238,1617,200
7425282,"Whitmore Way, Greenfields, Horley, RH6 8FX",-0.1857557212626712,51.17838616354791,239,1617,261
7425283,"Whitmore Way, Greenfields, Horley, RH6 8FX",-0.1857557212626712,51.17838616354791,323,1617,47
7425286,"Whitmore Way, Greenfields, Horley, RH6 8FX",-0.1857557212626712,51.17838616354791,237,3350,339
7425287,"Whitmore Way, Greenfields, Horley, RH6 8FX",-0.1857557212626712,51.17838616354791,238,3350,199
7425288,"Whitmore Way, Greenfields, Horley, RH6 8FX",-0.1857557212626712,51.17838616354791,239,3350,250
7425289,"Whitmore Way, Greenfields, Horley, RH6 8FX",-0.1857557212626712,51.17838616354791,237,3179,22
7425292,"Whitmore Way, Greenfields, Horley, RH6 8FX",-0.1857557212626712,51.17838616354791,259,6225,20
7425293,"Whitmore Way, Greenfields, Horley, RH6 8FX",-0.1857557212626712,51.17838616354791,260,6225,80
7425294,"Whitmore Way, Greenfields, Horley, RH6 8FX",-0.1857557212626712,51.17838616354791,258,6225,197
7425299,"Whitmore Way, Greenfields, Horley, RH6 8FX",-0.1857557212626712,51.17838616354791,231,522,89
8308992,"Dabnom Bridge, Salfords and Sidlow, RH2 8PT",-0.2178343190610842,51.20246170055381,251,1617,13
8308993,"Dabnom Bridge, Salfords and Sidlow, RH2 8PT",-0.2178343190610842,51.20246170055381,249,1617,346
8308994,"Dabnom Bridge, Salfords and Sidlow, RH2 8PT",-0.2178343190610842,51.20246170055381,410,3179,274
8308995,"Dabnom Bridge, Salfords and Sidlow, RH2 8PT",-0.2178343190610842,51.20246170055381,251,1761,10
8308996,"Dabnom Bridge, Salfords and Sidlow, RH2 8PT",-0.2178343190610842,51.20246170055381,249,1761,165
8308997,"Dabnom Bridge, Salfords and Sidlow, RH2 8PT",-0.2178343190610842,51.20246170055381,250,1761,229
3676416,"Bonehurst Road, Meath Green, RH6 8QJ",-0.1660015500606277,51.186829878408034,91,1617,329
3676417,"Bonehurst Road, Meath Green, RH6 8QJ",-0.1660015500606277,51.186829878408034,90,1617,159
3676418,"Bonehurst Road, Meath Green, RH6 8QJ",-0.1660015500606277,51.186829878408034,92,1617,206
3676419,"Bonehurst Road, Meath Green, RH6 8QJ",-0.1660015500606277,51.186829878408034,91,1761,341
3676420,"Bonehurst Road, Meath Green, RH6 8QJ",-0.1660015500606277,51.186829878408034,90,1761,150
3676421,"Bonehurst Road, Meath Green, RH6 8QJ",-0.1660015500606277,51.186829878408034,92,1761,251
7377408,"Coopers Hill Road, Outwood, RH1 5PL",-0.1198752207621964,51.211074086209415,95,1617,350
7377409,"Coopers Hill Road, Outwood, RH1 5PL",-0.1198752207621964,51.211074086209415,93,1617,124
7377410,"Coopers Hill Road, Outwood, RH1 5PL",-0.1198752207621964,51.211074086209415,94,1617,170
7377411,"Coopers Hill Road, Outwood, RH1 5PL",-0.1198752207621964,51.211074086209415,95,1761,320
7377413,"Coopers Hill Road, Outwood, RH1 5PL",-0.1198752207621964,51.211074086209415,94,1761,206
7016960,"Balcombe Road, Meath Green, Horley, RH6 9AE",-0.1557644484623779,51.17317245307876,323,1617,0
7016961,"Balcombe Road, Meath Green, Horley, RH6 9AE",-0.1557644484623779,51.17317245307876,322,1617,181
7016962,"Balcombe Road, Meath Green, Horley, RH6 9AE",-0.1557644484623779,51.17317245307876,321,1617,188
7016963,"Balcombe Road, Meath Green, Horley, RH6 9AE",-0.1557644484623779,51.17317245307876,323,1815,26
7016964,"Balcombe Road, Meath Green, Horley, RH6 9AE",-0.1557644484623779,51.17317245307876,322,1815,193
7016965,"Balcombe Road, Meath Green, Horley, RH6 9AE",-0.1557644484623779,51.17317245307876,321,1815,211
7016966,"Balcombe Road, Meath Green, Horley, RH6 9AE",-0.1557644484623779,51.17317245307876,323,3350,323
7016967,"Balcombe Road, Meath Green, Horley, RH6 9AE",-0.1557644484623779,51.17317245307876,409,1617,193
7016968,"Balcombe Road, Meath Green, Horley, RH6 9AE",-0.1557644484623779,51.17317245307876,321,3350,239
7016969,"Balcombe Road, Meath Green, Horley, RH6 9AE",-0.1557644484623779,51.17317245307876,323,3179,329
7016970,"Balcombe Road, Meath Green, Horley, RH6 9AE",-0.1557644484623779,51.17317245307876,322,3179,193
7016971,"Balcombe Road, Meath Green, Horley, RH6 9AE",-0.1557644484623779,51.17317245307876,321,3179,214
7893760,"Brighton Road, Salfords and Sidlow, RH1 5DA",-0.1670809448499994,51.20392560973325,55,1617,318
7893761,"Brighton Road, Salfords and Sidlow, RH1 5DA",-0.1670809448499994,51.20392560973325,54,1617,86
7893762,"Brighton Road, Salfords and Sidlow, RH1 5DA",-0.1670809448499994,51.20392560973325,56,1617,187
8462080,"Coopers Hill Road, Nutfield, RH1 5PD",-0.1146082065789095,51.22134768880852,231,1617,116
8462081,"Coopers Hill Road, Nutfield, RH1 5PD",-0.1146082065789095,51.22134768880852,232,1617,211
8462082,"Coopers Hill Road, Nutfield, RH1 5PD",-0.1146082065789095,51.22134768880852,233,1617,223
8462083,"Coopers Hill Road, Nutfield, RH1 5PD",-0.1146082065789095,51.22134768880852,231,1761,296
8462084,"Coopers Hill Road, Nutfield, RH1 5PD",-0.1146082065789095,51.22134768880852,232,1761,211
8462085,"Coopers Hill Road, Nutfield, RH1 5PD",-0.1146082065789095,51.22134768880852,233,1761,203
7913472,"Axes Lane, Salfords and Sidlow, RH1 5JT",-0.1525973230600357,51.202153882530574,247,1617,158
7913473,"Axes Lane, Salfords and Sidlow, RH1 5JT",-0.1525973230600357,51.202153882530574,248,1617,268
7913474,"Axes Lane, Salfords and Sidlow, RH1 5JT",-0.1525973230600357,51.202153882530574,246,1617,50
7913475,"Axes Lane, Salfords and Sidlow, RH1 5JT",-0.1525973230600357,51.202153882530574,247,1761,171
7913476,"Axes Lane, Salfords and Sidlow, RH1 5JT",-0.1525973230600357,51.202153882530574,248,1761,88
7913477,"Axes Lane, Salfords and Sidlow, RH1 5JT",-0.1525973230600357,51.202153882530574,246,1761,91
8341504,"Heston Road, South Earlswood, RH1 5HY",-0.1738646574497124,51.2209520339589,403,1617,22
8341505,"Heston Road, South Earlswood, RH1 5HY",-0.1738646574497124,51.2209520339589,404,1617,78
8341506,"Heston Road, South Earlswood, RH1 5HY",-0.1738646574497124,51.2209520339589,402,1617,321
8341507,"Heston Road, South Earlswood, RH1 5HY",-0.1738646574497124,51.2209520339589,403,1761,35
8341508,"Heston Road, South Earlswood, RH1 5HY",-0.1738646574497124,51.2209520339589,404,1761,46
8341509,"Heston Road, South Earlswood, RH1 5HY",-0.1738646574497124,51.2209520339589,402,1761,141
7094528,"Salbrook Road, Salfords and Sidlow, RH1 5GL",-0.1665295791107155,51.20042023055002,397,1617,5
7094529,"Salbrook Road, Salfords and Sidlow, RH1 5GL",-0.1665295791107155,51.20042023055002,396,1617,164
7094530,"Salbrook Road, Salfords and Sidlow, RH1 5GL",-0.1665295791107155,51.20042023055002,398,1617,344
7417088,"Canadian Road, Salfords and Sidlow, Redhill, RH1 4EG",-0.1513576732864976,51.21987088053574,136,1617,25
7417089,"Canadian Road, Salfords and Sidlow, Redhill, RH1 4EG",-0.1513576732864976,51.21987088053574,137,1617,69
7417090,"Canadian Road, Salfords and Sidlow, Redhill, RH1 4EG",-0.1513576732864976,51.21987088053574,135,1617,166
7417091,"Canadian Road, Salfords and Sidlow, Redhill, RH1 4EG",-0.1513576732864976,51.21987088053574,136,1761,30
7417092,"Canadian Road, Salfords and Sidlow, Redhill, RH1 4EG",-0.1513576732864976,51.21987088053574,232,1761,61
7417093,"Canadian Road, Salfords and Sidlow, Redhill, RH1 4EG",-0.1513576732864976,51.21987088053574,135,1761,346
7174912,"M23, Burstow, RH6 9PR",-0.1276873006504502,51.18296765140183,290,1617,152
7174913,"M23, Burstow, RH6 9PR",-0.1276873006504502,51.18296765140183,289,1617,181
7174915,"M23, Burstow, RH6 9PR",-0.1276873006504502,51.18296765140183,290,1761,332
7174916,"M23, Burstow, RH6 9PR",-0.1276873006504502,51.18296765140183,289,1761,182
8811264,"M23, Burstow, RH6 9PL",-0.1277553001561955,51.16673812625988,312,1617,22
8811265,"M23, Burstow, RH6 9PL",-0.1277553001561955,51.16673812625988,313,1617,73
8811266,"M23, Burstow, RH6 9PL",-0.1277553001561955,51.16673812625988,314,1617,5
8811267,"M23, Burstow, RH6 9PL",-0.1277553001561955,51.16673812625988,312,1761,32
8811268,"M23, Burstow, RH6 9PL",-0.1277553001561955,51.16673812625988,313,1761,165
8811269,"M23, Burstow, RH6 9PL",-0.1277553001561955,51.16673812625988,314,1761,185
8811276,"M23, Burstow, RH6 9PL",-0.1277553001561955,51.16673812625988,384,6225,4
8811277,"M23, Burstow, RH6 9PL",-0.1277553001561955,51.16673812625988,386,6225,113
8811278,"M23, Burstow, RH6 9PL",-0.1277553001561955,51.16673812625988,385,6225,201
7044352,"Station Approach Road, Lowfield Heath, Crawley, RH6 0NQ",-0.1630035787820816,51.15898252978789,468,1617,116
7044353,"Station Approach Road, Lowfield Heath, Crawley, RH6 0NQ",-0.1630035787820816,51.15898252978789,470,1617,162
7044354,"Station Approach Road, Lowfield Heath, Crawley, RH6 0NQ",-0.1630035787820816,51.15898252978789,469,1617,157
7044355,"Station Approach Road, Lowfield Heath, Crawley, RH6 0NQ",-0.1630035787820816,51.15898252978789,468,1815,297
7044356,"Station Approach Road, Lowfield Heath, Crawley, RH6 0NQ",-0.1630035787820816,51.15898252978789,470,1815,166
7044357,"Station Approach Road, Lowfield Heath, Crawley, RH6 0NQ",-0.1630035787820816,51.15898252978789,469,1815,293
7044358,"Station Approach Road, Lowfield Heath, Crawley, RH6 0NQ",-0.1630035787820816,51.15898252978789,468,3350,115
7044359,"Station Approach Road, Lowfield Heath, Crawley, RH6 0NQ",-0.1630035787820816,51.15898252978789,470,3350,140
7044360,"Station Approach Road, Lowfield Heath, Crawley, RH6 0NQ",-0.1630035787820816,51.15898252978789,469,3350,294
7044361,"Station Approach Road, Lowfield Heath, Crawley, RH6 0NQ",-0.1630035787820816,51.15898252978789,468,3179,127
7044362,"Station Approach Road, Lowfield Heath, Crawley, RH6 0NQ",-0.1630035787820816,51.15898252978789,470,3179,162
7044363,"Station Approach Road, Lowfield Heath, Crawley, RH6 0NQ",-0.1630035787820816,51.15898252978789,469,3179,243
7044364,"Station Approach Road, Lowfield Heath, Crawley, RH6 0NQ",-0.1630035787820816,51.15898252978789,389,6225,88
7044365,"Station Approach Road, Lowfield Heath, Crawley, RH6 0NQ",-0.1630035787820816,51.15898252978789,387,6225,155
7044366,"Station Approach Road, Lowfield Heath, Crawley, RH6 0NQ",-0.1630035787820816,51.15898252978789,388,6225,310
7044370,"Station Approach Road, Lowfield Heath, Crawley, RH6 0NQ",-0.1630035787820816,51.15898252978789,447,522,88
7044371,"Station Approach Road, Lowfield Heath, Crawley, RH6 0NQ",-0.1630035787820816,51.15898252978789,138,522,154
7044372,"Station Approach Road, Lowfield Heath, Crawley, RH6 0NQ",-0.1630035787820816,51.15898252978789,492,522,304
8153093,"Perimeter Road East, Lowfield Heath, Crawley, RH6 0DW",-0.163579025345986,51.15577209304456,2,1815,220
8153095,"Perimeter Road East, Lowfield Heath, Crawley, RH6 0DW",-0.163579025345986,51.15577209304456,1,3350,312
8153096,"Perimeter Road East, Lowfield Heath, Crawley, RH6 0DW",-0.163579025345986,51.15577209304456,2,3350,205
8153098,"Perimeter Road East, Lowfield Heath, Crawley, RH6 0DW",-0.163579025345986,51.15577209304456,1,3179,299
8473088,"North Terminal Approach, Crawley, RH6 0PJ",-0.1781924284087018,51.16003736999315,3,1617,89
8473089,"North Terminal Approach, Crawley, RH6 0PJ",-0.1781924284087018,51.16003736999315,5,1617,154
8473094,"North Terminal Approach, Crawley, RH6 0PJ",-0.1781924284087018,51.16003736999315,3,3350,93
8473095,"North Terminal Approach, Crawley, RH6 0PJ",-0.1781924284087018,51.16003736999315,5,3350,158
8473096,"North Terminal Approach, Crawley, RH6 0PJ",-0.1781924284087018,51.16003736999315,4,3350,185
8473097,"North Terminal Approach, Crawley, RH6 0PJ",-0.1781924284087018,51.16003736999315,3,3179,68
8473098,"North Terminal Approach, Crawley, RH6 0PJ",-0.1781924284087018,51.16003736999315,5,3179,77
8473099,"North Terminal Approach, Crawley, RH6 0PJ",-0.1781924284087018,51.16003736999315,4,3179,5
8473106,"North Terminal Approach, Crawley, RH6 0PJ",-0.1781924284087018,51.16003736999315,3,522,101
8473107,"North Terminal Approach, Crawley, RH6 0PJ",-0.1781924284087018,51.16003736999315,5,522,162
6660352,"London Road, Crawley, RH6 0AB",-0.1776202363564607,51.166163152625295,410,1617,254
6660353,"London Road, Crawley, RH6 0AB",-0.1776202363564607,51.166163152625295,409,1617,93
6660354,"London Road, Crawley, RH6 0AB",-0.1776202363564607,51.166163152625295,408,1617,145
6660355,"London Road, Crawley, RH6 0AB",-0.1776202363564607,51.166163152625295,410,1761,300
6660356,"London Road, Crawley, RH6 0AB",-0.1776202363564607,51.166163152625295,409,1761,70
6660357,"London Road, Crawley, RH6 0AB",-0.1776202363564607,51.166163152625295,408,1761,174
6660358,"London Road, Crawley, RH6 0AB",-0.1776202363564607,51.166163152625295,410,3350,250
6660359,"London Road, Crawley, RH6 0AB",-0.1776202363564607,51.166163152625295,409,3350,117
6660360,"London Road, Crawley, RH6 0AB",-0.1776202363564607,51.166163152625295,408,3350,167
6660361,"London Road, Crawley, RH6 0AB",-0.1776202363564607,51.166163152625295,410,3179,331
6660362,"London Road, Crawley, RH6 0AB",-0.1776202363564607,51.166163152625295,409,3179,147
6660363,"London Road, Crawley, RH6 0AB",-0.1776202363564607,51.166163152625295,408,3179,144
3313664,"Racecourse Road, Lowfield Heath, Crawley, RH6 0JE",-0.1683727077812591,51.15826333119796,39,1617,12
3313665,"Racecourse Road, Lowfield Heath, Crawley, RH6 0JE",-0.1683727077812591,51.15826333119796,40,1617,210
3313666,"Racecourse Road, Lowfield Heath, Crawley, RH6 0JE",-0.1683727077812591,51.15826333119796,41,1617,273
3313667,"Racecourse Road, Lowfield Heath, Crawley, RH6 0JE",-0.1683727077812591,51.15826333119796,39,1761,354
3313668,"Racecourse Road, Lowfield Heath, Crawley, RH6 0JE",-0.1683727077812591,51.15826333119796,40,1761,30
3313669,"Racecourse Road, Lowfield Heath, Crawley, RH6 0JE",-0.1683727077812591,51.15826333119796,41,1761,2
7062784,"Peeks Brook Lane, Burstow, Crawley, RH6 9ST",-0.1370466237278833,51.15891385108946,58,1617,119
7062785,"Peeks Brook Lane, Burstow, Crawley, RH6 9ST",-0.1370466237278833,51.15891385108946,59,1617,146
7062786,"Peeks Brook Lane, Burstow, Crawley, RH6 9ST",-0.1370466237278833,51.15891385108946,57,1617,303
7062787,"Peeks Brook Lane, Burstow, Crawley, RH6 9ST",-0.1370466237278833,51.15891385108946,58,1761,33
7062788,"Peeks Brook Lane, Burstow, Crawley, RH6 9ST",-0.1370466237278833,51.15891385108946,59,1761,164
7062789,"Peeks Brook Lane, Burstow, Crawley, RH6 9ST",-0.1370466237278833,51.15891385108946,57,1761,306
3349760,"North Terminal Approach, Crawley, RH6 0PJ",-0.1782404424268022,51.16121420815293,482,1617,40
3349761,"North Terminal Approach, Crawley, RH6 0PJ",-0.1782404424268022,51.16121420815293,481,1617,39
3349762,"North Terminal Approach, Crawley, RH6 0PJ",-0.1782404424268022,51.16121420815293,480,1617,263
3349763,"North Terminal Approach, Crawley, RH6 0PJ",-0.1782404424268022,51.16121420815293,482,1815,334
3349764,"North Terminal Approach, Crawley, RH6 0PJ",-0.1782404424268022,51.16121420815293,481,1815,133
3349765,"North Terminal Approach, Crawley, RH6 0PJ",-0.1782404424268022,51.16121420815293,480,1815,244
3349766,"North Terminal Approach, Crawley, RH6 0PJ",-0.1782404424268022,51.16121420815293,482,3350,336
3349767,"North Terminal Approach, Crawley, RH6 0PJ",-0.1782404424268022,51.16121420815293,481,3350,119
3349768,"North Terminal Approach, Crawley, RH6 0PJ",-0.1782404424268022,51.16121420815293,480,3350,238
3349769,"North Terminal Approach, Crawley, RH6 0PJ",-0.1782404424268022,51.16121420815293,482,3179,12
3349770,"North Terminal Approach, Crawley, RH6 0PJ",-0.1782404424268022,51.16121420815293,481,3179,136
3349771,"North Terminal Approach, Crawley, RH6 0PJ",-0.1782404424268022,51.16121420815293,480,3179,240
5294592,"East Grinstead Road, Chailey, Lewes, BN8 4JD",-0.0161265386400373,50.97897274327465,426,1617,49
5294593,"East Grinstead Road, Chailey, Lewes, BN8 4JD",-0.0161265386400373,50.97897274327465,427,1617,145
5294594,"East Grinstead Road, Chailey, Lewes, BN8 4JD",-0.0161265386400373,50.97897274327465,428,1617,246
5294604,"East Grinstead Road, Chailey, Lewes, BN8 4JD",-0.0161265386400373,50.97897274327465,58,6225,45
5294605,"East Grinstead Road, Chailey, Lewes, BN8 4JD",-0.0161265386400373,50.97897274327465,57,6225,129
5294606,"East Grinstead Road, Chailey, Lewes, BN8 4JD",-0.0161265386400373,50.97897274327465,59,6225,235
5511168,"South Street, Chailey, Lewes, BN8 4BQ",-0.0223481872662887,50.942454296273446,214,1617,18
5511169,"South Street, Chailey, Lewes, BN8 4BQ",-0.0223481872662887,50.942454296273446,213,1617,197
5511170,"South Street, Chailey, Lewes, BN8 4BQ",-0.0223481872662887,50.942454296273446,215,1617,17
5511180,"South Street, Chailey, Lewes, BN8 4BQ",-0.0223481872662887,50.942454296273446,214,6225,14
5511181,"South Street, Chailey, Lewes, BN8 4BQ",-0.0223481872662887,50.942454296273446,213,6225,192
5511182,"South Street, Chailey, Lewes, BN8 4BQ",-0.0223481872662887,50.942454296273446,215,6225,224
4270848,"Resting Oak Hill, Lewes, BN8 4PS",-0.0128478979157762,50.91844901001186,202,1617,342
4270849,"Resting Oak Hill, Lewes, BN8 4PS",-0.0128478979157762,50.91844901001186,203,1617,162
4270850,"Resting Oak Hill, Lewes, BN8 4PS",-0.0128478979157762,50.91844901001186,201,1617,234
4655872,"Willow Way, Hurstpierpoint and Sayers Common, BN6 9TH",-0.1805073753823069,50.94910942257229,137,1617,334
4655873,"Willow Way, Hurstpierpoint and Sayers Common, BN6 9TH",-0.1805073753823069,50.94910942257229,135,1617,208
4655874,"Willow Way, Hurstpierpoint and Sayers Common, BN6 9TH",-0.1805073753823069,50.94910942257229,136,1617,315
4655875,"Willow Way, Hurstpierpoint and Sayers Common, BN6 9TH",-0.1805073753823069,50.94910942257229,137,1761,344
4655876,"Willow Way, Hurstpierpoint and Sayers Common, BN6 9TH",-0.1805073753823069,50.94910942257229,135,1761,142
4655877,"Willow Way, Hurstpierpoint and Sayers Common, BN6 9TH",-0.1805073753823069,50.94910942257229,136,1761,283
4655890,"Willow Way, Hurstpierpoint and Sayers Common, BN6 9TH",-0.1805073753823069,50.94910942257229,137,522,13
4655891,"Willow Way, Hurstpierpoint and Sayers Common, BN6 9TH",-0.1805073753823069,50.94910942257229,135,522,193
4655892,"Willow Way, Hurstpierpoint and Sayers Common, BN6 9TH",-0.1805073753823069,50.94910942257229,136,522,266
4927232,"Dumbrells Farm Way, RH17 5NZ",-0.1912578223945047,50.96774178093007,239,1617,88
4927233,"Dumbrells Farm Way, RH17 5NZ",-0.1912578223945047,50.96774178093007,238,1617,100
4927234,"Dumbrells Farm Way, RH17 5NZ",-0.1912578223945047,50.96774178093007,237,1617,270
4927235,"Dumbrells Farm Way, RH17 5NZ",-0.1912578223945047,50.96774178093007,239,1815,333
4927236,"Dumbrells Farm Way, RH17 5NZ",-0.1912578223945047,50.96774178093007,238,1815,98
4927237,"Dumbrells Farm Way, RH17 5NZ",-0.1912578223945047,50.96774178093007,237,1815,273
4927250,"Dumbrells Farm Way, RH17 5NZ",-0.1912578223945047,50.96774178093007,239,522,340
4927251,"Dumbrells Farm Way, RH17 5NZ",-0.1912578223945047,50.96774178093007,238,522,83
4927252,"Dumbrells Farm Way, RH17 5NZ",-0.1912578223945047,50.96774178093007,237,522,282
2207238,"Lewes Road, Lindfield Rural, RH17 7NG",-0.046881884336472,50.983432769775,214,6225,0
5248512,"Rocky Lane, Ansty and Staplefield, RH16 4RQ",-0.1163119581341334,50.977957795367765,395,1617,37
5248513,"Rocky Lane, Ansty and Staplefield, RH16 4RQ",-0.1163119581341334,50.977957795367765,394,1617,215
5248524,"Rocky Lane, Ansty and Staplefield, RH16 4RQ",-0.1163119581341334,50.977957795367765,418,6225,37
5248525,"Rocky Lane, Ansty and Staplefield, RH16 4RQ",-0.1163119581341334,50.977957795367765,419,6225,219
5499904,"Sunset Lane, Burgess Hill, RH15 9HR",-0.1270622530331223,50.94224209309539,90,1617,352
5499905,"Sunset Lane, Burgess Hill, RH15 9HR",-0.1270622530331223,50.94224209309539,92,1617,356
5499906,"Sunset Lane, Burgess Hill, RH15 9HR",-0.1270622530331223,50.94224209309539,91,1617,266
5499907,"Sunset Lane, Burgess Hill, RH15 9HR",-0.1270622530331223,50.94224209309539,90,1761,356
5499908,"Sunset Lane, Burgess Hill, RH15 9HR",-0.1270622530331223,50.94224209309539,92,1761,176
5499909,"Sunset Lane, Burgess Hill, RH15 9HR",-0.1270622530331223,50.94224209309539,91,1761,286
5499922,"Sunset Lane, Burgess Hill, RH15 9HR",-0.1270622530331223,50.94224209309539,90,522,309
5499923,"Sunset Lane, Burgess Hill, RH15 9HR",-0.1270622530331223,50.94224209309539,92,522,92
5499924,"Sunset Lane, Burgess Hill, RH15 9HR",-0.1270622530331223,50.94224209309539,91,522,278
8036096,"Queen Elizabeth Avenue, World's End, Burgess Hill, RH15 9AR",-0.1330415555809253,50.95520613489228,59,1617,311
8036097,"Queen Elizabeth Avenue, World's End, Burgess Hill, RH15 9AR",-0.1330415555809253,50.95520613489228,58,1617,143
8036098,"Queen Elizabeth Avenue, World's End, Burgess Hill, RH15 9AR",-0.1330415555809253,50.95520613489228,57,1617,250
8036099,"Queen Elizabeth Avenue, World's End, Burgess Hill, RH15 9AR",-0.1330415555809253,50.95520613489228,59,1761,131
8036100,"Queen Elizabeth Avenue, World's End, Burgess Hill, RH15 9AR",-0.1330415555809253,50.95520613489228,58,1761,122
8036101,"Queen Elizabeth Avenue, World's End, Burgess Hill, RH15 9AR",-0.1330415555809253,50.95520613489228,57,1761,177
4929280,"South Road, Wivelsfield, Lewes, RH17 7QS",-0.0740427151322364,50.96010667051242,246,1617,347
4929281,"South Road, Wivelsfield, Lewes, RH17 7QS",-0.0740427151322364,50.96010667051242,247,1617,141
4929282,"South Road, Wivelsfield, Lewes, RH17 7QS",-0.0740427151322364,50.96010667051242,248,1617,292
4926208,"Silverdale Road, World's End, Burgess Hill, RH15 0EQ",-0.1252172658486028,50.953129536382846,186,1617,87
4926209,"Silverdale Road, World's End, Burgess Hill, RH15 0EQ",-0.1252172658486028,50.953129536382846,187,1617,267
4926210,"Silverdale Road, World's End, Burgess Hill, RH15 0EQ",-0.1252172658486028,50.953129536382846,188,1617,281
5320448,"Janes Lane, Burgess Hill, RH15 0QJ",-0.1080445223492306,50.961964509735054,147,1617,14
5320449,"Janes Lane, Burgess Hill, RH15 0QJ",-0.1080445223492306,50.961964509735054,148,1617,223
5320450,"Janes Lane, Burgess Hill, RH15 0QJ",-0.1080445223492306,50.961964509735054,149,1617,227
5320460,"Janes Lane, Burgess Hill, RH15 0QJ",-0.1080445223492306,50.961964509735054,339,6225,63
5320461,"Janes Lane, Burgess Hill, RH15 0QJ",-0.1080445223492306,50.961964509735054,340,6225,95
5320462,"Janes Lane, Burgess Hill, RH15 0QJ",-0.1080445223492306,50.961964509735054,341,6225,283
5052672,"Marchants Way, World's End, Burgess Hill, RH15 8QY",-0.1373620519134957,50.96681782418128,194,1617,116
5052673,"Marchants Way, World's End, Burgess Hill, RH15 8QY",-0.1373620519134957,50.96681782418128,193,1617,119
5052674,"Marchants Way, World's End, Burgess Hill, RH15 8QY",-0.1373620519134957,50.96681782418128,192,1617,296
4656128,"Dumbrells Farm Way, Hurstpierpoint and Sayers Common, BN6 9ZJ",-0.1629804448811,50.96937664619979,292,1617,51
4656129,"Dumbrells Farm Way, Hurstpierpoint and Sayers Common, BN6 9ZJ",-0.1629804448811,50.96937664619979,293,1617,103
4656130,"Dumbrells Farm Way, Hurstpierpoint and Sayers Common, BN6 9ZJ",-0.1629804448811,50.96937664619979,291,1617,283
4827904,"West Street, Burgess Hill, RH15 8UE",-0.149148590862751,50.96158974622228,139,1617,0
